CGCMT14GC19,301670001,1,1-001,20171110,,ORCHID TERRACE,4474 BUTLER HILL ROAD,ST. LOUIS,MO,63128,,MF,2006,,,117,6,0.0572,0.0572,5404032.557352,N,,20131231,29000000,,,,0.9487,20170630,,,,,,,,,,,,,12,20140320,3885071,1611640,2273431,1.6542,29000000,20131231,0.94,20170319,20161231,4020916,1826394,2194522,1187463,1.8480,0.9744,20151231,3666238,1872576,1793662,1187463,1.5104,0.9231,20140320,4082390,1800405,2281985,1187463,1.9217,20160701,20170630,TN,2235289,1.6265,2156380,1.8159,1755520,1.4783,2243843,1.8896,CMSA,N,,,,3,,N,,,,,,,,
CGCMT14GC19,301670001,1,1-002,20171110,,VILLAGE GATE OF FARMINGTON,88 SCOTT SWAMP ROAD,FARMINGTON,CT,06032,,MF,1989,,,164,6,0.0568,0.0568,5366242.119888,N,,20131231,28800000,,,,0.7818,20170630,,,,,,,,,,,,,12,20140320,5671993,3420315,2251678,1.6498,28800000,20131231,0.8840,20170223,20161231,5575363,3198282,2377081,1179274,2.0157,0.75,20151231,6448961,3522763,2926198,1179274,2.4813,0.8902,20140320,5284083,3120026,2164057,1179274,1.8350,20160701,20170630,TN,2198214,1.6106,2323617,1.9703,2872734,2.4360,2110593,1.7897,CMSA,N,,,,3,,N,,,,,,,,
CGCMT14GC19,301670001,1,1-003,20171110,,LODGE AT COLD SPRING,50 COLD SPRING ROAD,ROCKY HILL,CT,06067,,MF,1998,,,112,6,0.0548,0.0548,5177289.932568,Y,,20131231,27800000,,,,0.6696,20170630,,,,,,,,,,,,,12,20140320,3741014,1857343,1883671,1.4298,27800000,20131231,0.8660,20170207,20161231,3450315,1989934,1460381,1138327,1.2829,0.7411,20151231,4023905,1963382,2060523,1138327,1.8101,0.8839,20140320,3296146,1858640,1437506,1138327,1.2628,20160701,20170630,TN,1847159,1.4021,1423869,1.2508,2024011,1.7780,1400994,1.2307,CMSA,N,,,,3,,N,,,,,,,,
CGCMT14GC19,301670001,1,1-004,20171110,,THE MANOR AT OAKRIDGE,4500 OAKHURST BOULEVARD,SUSQUEHANNA TOWNSHIP,PA,17110,,MF,2000,,,115,6,0.0526,0.0526,4969442.526516,N,,20131231,26700000,,,,0.8696,20170630,,,,,,,,,,,,,12,20140320,3290398,1757433,1532965,1.2115,26700000,20131231,0.9040,20170307,20161231,3267684,1922040,1345644,1093286,1.2308,0.8348,20151231,3260265,1910555,1349710,1093286,1.2345,0.8870,20140320,3164584,1839692,1324892,1093286,1.2118,20160701,20170630,TN,1495475,1.1819,1308154,1.1965,1312220,1.2002,1287402,1.1775,CMSA,N,,,,3,,N,,,,,,,,
CGCMT14GC19,301670001,1,1-005,20171110,,DURHAM REGENT,3007 PICKETT ROAD,DURHAM,NC,27705,,MF,1989,,,123,6,0.0521,0.0521,4922204.479686,N,,20131231,26400000,,,,0.8537,20170630,,,,,,,,,,,,,12,20140320,3682607,1725940,1956667,1.5640,26400000,20131231,0.9510,20170307,20161231,3418108,1953684,1464424,1081001,1.3546,0.8780,20151231,3414288,1960292,1453996,1081001,1.3450,0.8211,20140320,3460939,1958931,1502008,1081001,1.3894,20160701,20170630,TN,1916569,1.5319,1424326,1.3175,1413898,1.3079,1461910,1.3523,CMSA,N,,,,3,,N,,,,,,,,
CGCMT14GC19,301670001,1,1-006,20171110,,DOGWOOD ESTATES,2820 WIND RIVER LANE,DENTON,TX,76210,,MF,2005,,,118,6,0.0509,0.0509,4808833.167294,N,,20131231,25800000,,,,0.8983,20170630,,,,,,,,,,,,,12,20140320,3534275,1776551,1757724,1.4376,25800000,20131231,0.89,20170309,20161231,3911625,1895910,2015715,1056433,1.9080,0.9237,20151231,3899059,1858969,2040090,1056433,1.9311,0.9746,20140320,3859320,1865383,1993937,1056433,1.8874,20160701,20170630,TN,1719256,1.4062,1977247,1.8716,2001622,1.8946,1955469,1.8510,CMSA,N,,,,3,,N,,,,,,,,
CGCMT14GC19,301670001,1,1-007,20171110,,SHELDON OAKS,2525 CAL YOUNG ROAD,EUGENE,OR,97401,,MF,1995,,,111,6,0.0475,0.0475,4487614.448850,N,,20131231,24100000,,,,0.7589,20170630,,,,,,,,,,,,,12,20140320,3272534,1548349,1724185,1.5097,24100000,20131231,0.9280,20170410,20161231,2797924,1685492,1112432,986823,1.1272,0.7589,20151231,3021111,1745514,1275597,986822,1.2926,0.8649,20140320,2599439,1656756,942683,986823,0.9552,20160701,20170630,TN,1687999,1.4780,1076246,1.0906,1239411,1.2559,906497,0.9186,CMSA,N,,,,3,,N,,,,,,,,
CGCMT14GC19,301670001,1,1-008,20171110,,JORDAN OAKS,10820 PENNY ROAD,CARY,NC,27518,,MF,2003,,,117,6,0.0473,0.0473,4468719.230118,N,,20131231,24000000,,,,0.8803,20170630,,,,,,,,,,,,,12,20140320,3464361,1623842,1840519,1.6182,24000000,20131231,0.9570,20170221,20161231,4153213,1883712,2269501,982728,2.3093,0.8889,20151231,4047853,1944462,2103391,982728,2.1403,1,20140320,3961870,1823255,2138615,982728,2.1762,20160701,20170630,TN,1802377,1.5847,2231359,2.2705,2065249,2.1015,2100473,2.1373,CMSA,N,,,,3,,N,,,,,,,,
CGCMT14GC19,301670001,1,1-009,20171110,,SKY PEAKS,1520 SKY VALLEY DRIVE,RENO,NV,89523,,MF,2002,,,121,6,0.0457,0.0457,4317557.480262,N,,20131231,23200000,,,,0.8678,20170630,,,,,,,,,,,,,12,20140320,3365395,1824884,1540511,1.4012,23200000,20131231,0.86,20170308,20161231,3799562,2021162,1778400,949971,1.8720,0.8678,20151231,3782543,2064593,1717950,949971,1.8084,0.9504,20140320,3714811,1940719,1774092,949971,1.8675,20160701,20170630,TN,1501065,1.3653,1738954,1.8305,1678504,1.7669,1734646,1.8259,CMSA,N,,,,3,,N,,,,,,,,
CGCMT14GC19,301670001,1,1-010,20171110,,THE WESTMONT,1675 SCOTT BOULEVARD,SANTA CLARA,CA,95050,,MF,1991,,,137,6,0.0446,0.0446,4213633.777236,Y,,20131231,22600000,,,,0.8540,20170630,,,,,,,,,,,,,12,20140320,4034175,2134388,1899787,1.7738,22600000,20131231,0.9490,20170301,20161231,4706828,2428910,2277918,925402,2.4615,0.9343,20151231,4560273,2337958,2222315,925402,2.4014,0.9854,20140320,4589439,2403741,2185698,925402,2.3618,20160701,20170630,TN,1855125,1.7321,2233256,2.4132,2177653,2.3531,2141036,2.3136,CMSA,N,,,,3,,N,,,,,,,,
CGCMT14GC19,301670001,1,1-011,20171110,,PINEWOOD HILLS,3901 KIRKPATRICK LANE,FLOWER MOUND,TX,75028,,MF,2005,,,117,6,0.0432,0.0432,4081367.246112,N,,20131231,21900000,,,,0.8034,20170630,,,,,,,,,,,,,12,20140320,3480593,1746101,1734492,1.6713,21900000,20131231,0.9230,20170302,20161231,3553660,1893737,1659923,896739,1.8510,0.8718,20151231,3333746,1760325,1573421,896739,1.7546,0.8974,20140320,3449502,1845145,1604357,896739,1.7891,20160701,20170630,TN,1696350,1.6345,1621781,1.8085,1535279,1.7120,1566215,1.7465,CMSA,N,,,,3,,N,,,,,,,,
CGCMT14GC19,301670001,1,1-012,20171110,,HIDDEN LAKES,400 MADRONA AVENUE SOUTHEAST,SALEM,OR,97302,,MF,1990,,,135,6,0.0404,0.0404,3816834.183864,N,,20131231,20500000,,,,,,,,,,,,,,,,,,12,20140320,3619884,2054425,1565459,1.6114,20500000,20131231,0.9260,20170410,20161231,3942382,2347790,1594592,839413,1.8996,0.8444,20151231,3939041,2400568,1538473,839413,1.8327,0.9778,20140320,3700830,2278650,1422180,839413,1.6942,20160701,20170630,TN,1521449,1.5661,1550582,1.8472,1494463,1.7803,1378170,1.6418,CMSA,N,,,,3,,N,,,,,,,,
CGCMT14GC19,301670001,1,1-013,20171110,,WALNUT WOODS,35 NORTH WALNUT STREET,BOYERTOWN,PA,19512,,MF,1997,,,113,6,0.0379,0.0379,3580643.949714,N,,20131231,19200000,,,,0.8673,20170630,,,,,,,,,,,,,12,20140320,3279640,1760699,1518941,1.6694,19200000,20131231,0.9380,20170228,20161231,3328688,1735383,1593305,786182,2.0266,0.8319,20151231,3476929,1833761,1643168,786182,2.09,0.9646,20140320,3144890,1711903,1432987,786182,1.8227,20160701,20170630,TN,1482103,1.6289,1556467,1.9797,1606330,2.0432,1396149,1.7758,CMSA,N,,,,3,,N,,,,,,,,
CGCMT14GC19,301670001,1,1-014,20171110,,OAKWOOD HILLS,4316 OAKWOOD HILLS PARKWAY,EAU CLAIRE,WI,54701,,MF,2003,,,116,6,0.0374,0.0374,3533405.902884,N,,20131231,18950000,,,,1,20170630,,,,,,,,,,,,,12,20140320,3219826,1572982,1646844,1.8338,18950000,20131231,0.8790,20170406,20161231,2856507,1709651,1146856,775946,1.4780,0.9483,20151231,2671985,1605748,1066237,775946,1.3741,0.7414,20140320,3152470,1755557,1396913,775946,1.8002,20160701,20170630,TN,1609028,1.7917,1109040,1.4292,1028421,1.3253,1359097,1.7515,CMSA,N,,,,3,,N,,,,,,,,
CGCMT14GC19,301670001,1,1-015,20171110,,MADISON ESTATES,8645 FREDERICKSBURG ROAD,SAN ANTONIO,TX,78240,,MF,1984,,,160,6,0.0365,0.0365,3448377.418590,N,,20131231,18500000,,,,0.8323,20170630,,,,,,,,,,,,,12,20140320,4207165,2692746,1514419,1.7274,18500000,20131231,0.8690,20170309,20161231,4773146,2846220,1926926,757519,2.5437,0.9250,20151231,4872950,2923972,1948978,757520,2.5728,0.9813,20140320,4660822,2848427,1812395,757520,2.3925,20160701,20170630,TN,1462259,1.6679,1874766,2.4748,1896818,2.5039,1760235,2.3236,CMSA,Y,,,,3,,N,,,,,,,,
CGCMT14GC19,301670001,1,1-016,20171110,,THORNTON PLACE,2901 SOUTHWEST ARMSTRONG AVENUE,TOPEKA,KS,66614,,MF,1998,,,121,6,0.0319,0.0319,3013787.387754,N,,20131231,16200000,,,,0.9256,20170630,,,,,,,,,,,,,12,20140320,2662929,1534778,1128151,1.4695,16200000,20131231,0.8760,20170327,20161231,3145458,1718721,1426737,663342,2.1508,0.9256,20151231,3142330,1709205,1433125,663342,2.1604,0.9752,20140320,3183116,1712096,1471020,663342,2.2175,20160701,20170630,TN,1088705,1.4181,1387291,2.0913,1393679,2.1009,1431574,2.1581,CMSA,N,,,,3,,N,,,,,,,,
CGCMT14GC19,301670001,1,1-017,20171110,,WHITEROCK COURT,9215 WHITE ROCK TRAIL,DALLAS,TX,75238,,MF,2000,,,117,6,0.0315,0.0315,2975996.950290,N,,20131231,16000000,,,,0.9402,20170630,,,,,,,,,,,,,12,20140320,3407755,1862975,1544780,2.0373,16000000,20131231,0.9830,20170124,20161231,3356661,1765112,1591549,655152,2.4292,0.9743,20151231,3502632,1728682,1773950,655152,2.7076,0.8803,20140320,3543566,1806373,1737193,655152,2.6515,20160701,20170630,TN,1506638,1.9870,1553407,2.3710,1735808,2.6494,1699051,2.5933,CMSA,N,,,,3,,N,,,,,,,,
CGCMT14GC19,301670001,1,1-018,20171110,,THE BENTLEY,3362 FOREST LANE,DALLAS,TX,75234,,MF,1996,,,118,6,0.0313,0.0313,2957101.731558,N,,20131231,15900000,,,,0.9580,20170630,,,,,,,,,,,,,12,20140320,3325452,1702099,1623353,2.1544,15900000,20131231,0.9150,20170307,20161231,3016226,1804706,1211520,651057,1.8608,0.9580,20151231,3114225,1738460,1375765,651058,2.1131,0.8655,20140320,3185394,1845025,1340369,651057,2.0587,20160701,20170630,TN,1584885,2.1034,1173052,1.8017,1337297,2.0540,1301901,1.9996,CMSA,N,,,,3,,N,,,,,,,,
CGCMT14GC19,301670001,1,1-019,20171110,,PUEBLO REGENT,100 SAN CARLOS ROAD,PUEBLO,CO,81005,,MF,1985,,,99,6,0.0298,0.0298,2815387.591068,N,,20131231,15100000,,,,0.9192,20170630,,,,,,,,,,,,,12,20140320,2382892,1377782,1005110,1.4046,15100000,20131231,0.8990,20170301,20161231,2384227,1545611,838616,618300,1.3563,0.9192,20151231,2569989,1553426,1016563,618300,1.6441,0.8485,20140320,2427054,1618348,808706,618300,1.3079,20160701,20170630,TN,972836,1.3595,806342,1.3041,984289,1.5919,776432,1.2557,CMSA,N,,,,3,,N,,,,,,,,
CGCMT14GC19,301670001,1,1-020,20171110,,VISTA DE LA MONTANA,18510 NORTH PARKVIEW PLACE,SURPRISE,AZ,85374,,MF,1998,,,115,6,0.0290,0.0290,2739806.716140,N,,20131231,14700000,,,,0.9565,20170630,,,,,,,,,,,,,12,20140320,2344797,1508951,835846,1.1998,14700000,20131231,0.8350,20170314,20161231,2754817,1692777,1062040,601921,1.7644,0.9652,20151231,2642265,1688330,953935,601921,1.5848,0.9652,20140320,2872013,1701069,1170944,601921,1.9453,20160701,20170630,TN,798356,1.1460,1024550,1.7021,916445,1.5225,1133454,1.8830,CMSA,N,,,,3,,N,,,,,,,,
CGCMT14GC19,301670001,1,1-021,20171110,,ROCK CREEK,19295 NORTHWEST CORNELL ROAD,HILLSBORO,OR,97124,,MF,1996,,,110,6,0.0286,0.0286,2702016.278676,N,,20131231,14500000,,,,0.8818,20170630,,,,,,,,,,,,,12,20140320,2637796,1506485,1131311,1.6464,14500000,20131231,0.9550,20170323,20161231,3043019,1638037,1404982,593732,2.3663,0.9364,20151231,2890872,1578081,1312791,593732,2.2110,0.9909,20140320,3051017,1632122,1418895,593732,2.3897,20160701,20170630,TN,1095451,1.5942,1369122,2.3059,1276931,2.1506,1383035,2.3293,CMSA,N,,,,3,,N,,,,,,,,
CGCMT14GC19,301670001,1,1-022,20171110,,ILLAHEE HILLS,8308 COLBY PARKWAY,URBANDALE,IA,50322,,MF,1995,,,109,6,0.0274,0.0274,2588644.966284,N,,20131231,13900000,,,,0.9450,20170630,,,,,,,,,,,,,12,20140320,2449065,1479216,969849,1.4723,13900000,20131231,0.8440,20170124,20161231,2873310,1647820,1225490,569163,2.1531,0.9358,20151231,2782671,1587959,1194712,569164,2.0990,0.9633,20140320,2930818,1607379,1323439,569163,2.3252,20160701,20170630,TN,934315,1.4184,1189956,2.0907,1159178,2.0366,1287905,2.2628,CMSA,N,,,,3,,N,,,,,,,,
CGCMT14GC19,301670001,1,1-023,20171110,,PALMER HILLS,2617 MAPLECREST ROAD,BETTENDORF,IA,52722,,MF,1990,,,106,6,0.0266,0.0266,2513064.091356,N,,20131231,13500000,,,,0.8396,20170630,,,,,,,,,,,,,12,20140320,2369009,1445954,923055,1.4428,13500000,20131231,0.7830,20170223,20161231,2717745,1581062,1136683,552785,2.0562,0.9151,20151231,2614170,1566656,1047514,552785,1.8949,0.9717,20140320,2566727,1540049,1026678,552785,1.8572,20160701,20170630,TN,888499,1.3888,1102127,1.9937,1012958,1.8324,992122,1.7947,CMSA,N,,,,3,,N,,,,,,,,
CGCMT14GC19,301670001,1,1-024,20171110,,UFFELMAN ESTATES,215 UFFELMAN DRIVE,CLARKSVILLE,TN,37043,,MF,1993,,,109,6,0.0241,0.0241,2276873.857206,N,,20131231,12200000,,,,0.9727,20170630,,,,,,,,,,,,,12,20140320,2312179,1500423,811756,1.4040,12200000,20131231,0.8530,20170307,20161231,2517859,1554321,963538,499553,1.9288,1,20151231,2240510,1559099,681411,499553,1.3640,0.8899,20140320,2785269,1639248,1146021,499553,2.2940,20160701,20170630,TN,776222,1.3426,928004,1.8576,645877,1.2929,1110487,2.2229,CMSA,N,,,,3,,N,,,,,,,,
CGCMT14GC19,301670001,1,1-025,20171110,,THE REGENT,440 NORTHWEST ELKS DRIVE,CORVALLIS,OR,97330,,MF,1983,,,84,6,0.0193,0.0193,1823388.607638,N,,20131231,9800000,,,,0.9643,20170630,,,,,,,,,,,,,12,20140320,2110643,1201128,909515,1.9584,9800000,20131231,0.9880,20170322,20161231,2153810,1339143,814667,401281,2.0301,0.8571,20151231,2263663,1371572,892091,401281,2.2231,0.9286,20140320,2181930,1372176,809754,401281,2.0179,20160701,20170630,TN,882131,1.8994,787283,1.9619,864707,2.1548,782370,1.9496,CMSA,N,,,,3,,N,,,,,,,,
CGCMT14GC19,301670001,1,1-026,20171110,,THE FOUNTAINS AT HIDDEN LAKES,250?352 WOODBRIDGE COURT SOUTHEAST,SALEM,OR,97302,,MF,1990,,,38,6,0.0156,0.0156,1473827.061096,N,,20131231,7930000,,,,0.9474,20170630,,,,,,,,,,,,,12,20140320,1072661,465821,606840,1.6148,7930000,20131231,1,20170411,20161231,1200632,513649,686983,324710,2.1156,0.9211,20151231,1146159,554099,592060,324710,1.8233,0.9737,20140320,1182061,482599,699462,324710,2.1541,20160701,20170630,TN,594452,1.5818,674595,2.0775,579672,1.7851,687074,2.1159,CMSA,N,,,,3,,N,,,,,,,,
CGCMT14GC19,304101131,2,2-001,20171110,,CITYSCAPE - EAST OFFICE/RETAIL,1 EAST WASHINGTON STREET,PHOENIX,AZ,85004,,MU,2007,,641935,0,6,1,1,44464616.36,Y,,20131002,274000000,,,,0.9581,20170630,20170930,0.07,0,0.07,0.57,0.29,United Healthcare,91595,Squire Patton Boggs (US) LLP,73962,Alliance Bank of Arizona,69245,12,,,,,,274000000,20131002,,20170117,20161231,25215556,6262858,18952698,9234892,2.0522,0.9581,20151231,25351421,5972568,19378853,9209660,2.1041,0.9483,20140320,12703508,2851168,9852340,5697036,1.7293,20170101,20170630,YN,,,17579618,1.9036,18005773,1.9550,9165801,1.6088,CMSA,N,20250831,20210831,20201031,3,,N,POLSINELLI SHUGHART  PC,68994,Jennings Strouss & Salmon,55203,20210331,20261231,,
CGCMT14GC19,301491004,3,3-001,20171110,,1500 SPRING GARDEN,1500 SPRING GARDEN STREET,PHILADELPHIA,PA,19130,,OF,1947,2000,1068125,0,6,1,1,65921498.46,N,,20131010,197200000,,,,0.8458,20170601,20170601,0,0.09,0.05,0.20,0.66,Sunguard Availability Services,135083,Day & Zimmermann,134296,Thomson Reuters Corporation,123453,12,20140203,23956145,9308336,14647809,2.2317,197200000,20131010,0.8752,20170215,20161231,25264509,12343775,12920734,6581239,1.9632,0.8458,20151231,26165509,11483197,14682312,6563258,2.2370,0.8712,20140320,11659892,5719750,5940142,3104132,1.9136,20170101,20170630,YN,13862680,2.1121,12135605,1.8439,13897183,2.1174,5547578,1.7871,CMSA,N,20200831,20230331,20241031,3,,N,CBS Broadcasting Inc.,119457,Blue Cross Blue Shield,85209,20270228,20190228,,
CGCMT14GC19,301670004,4,4-001,20171110,,INDEPENDENCE GREEN APARTMENTS,24360 INDEPENDENCE DRIVE,FARMINGTON HILLS,MI,48335,,MF,1969,2014,,981,6,1,1,43000000,N,,20130919,54000000,,,,0.9440,20170630,,,,,,,,,,,,,12,20140320,9250592,4619116,4631476,1.6833,54000000,20130919,0.9710,20170707,20161231,10162238,4565153,5597085,2160040,2.5911,0.9705,20151231,9457833,4596733,4861100,2154139,2.2566,0.9552,20140320,5433688,2216630,3217058,1074119,2.9950,20170101,20170630,YN,4337176,1.5763,5302785,2.4549,4566800,2.12,3069908,2.8580,CMSA,N,,,,3,,N,,,,,,,,
CGCMT14GC19,301670005,5,5-001,20171110,,BILTMORE OFFICE,817 WEST PEACHTREE STREET NORTHWEST,ATLANTA,GA,30308,,MU,1924,1999,284250,0,6,1,1,35105303.29,N,,20131217,48800000,,,,,,20170802,0.28,0.14,0.13,0.04,0.41,Southstar Energy Services  LLC,30203,Pindrop security,29978,Kimley Horn and Associates,24318,6,20140320,6232426,2554004,3678422,1.5795,48800000,20131217,0.87,20170202,20170630,8038155,3106622,4931533,2328847,2.1175,0.9455,20161231,7249395,2622877,4626518,2253001,2.0534,0.9810,20140320,,,,,,,,,3293308,1.4141,4546419,1.9522,4241404,1.8825,,,CMSA,N,20171031,20211231,20250430,3,,N,Novare Events  LLC,21765,NCR Corporation,15452,20260201,20190731,,
CGCMT14GC19,623100071,6,6-001,20171110,,WESTCHASE TOWN CENTER,9520-9664 WEST LINEBAUGH AVENUE,TAMPA,FL,33626,,MU,2006,,58524,0,6,0.3089,0.3089,9486994.851577,N,,20131203,16400000,,,,0.9014,20171001,20171001,0.17,0.24,0.23,0.10,0.26,Atlas Professional Service,6539,Florida Fitness 7  LLC,5000,Fifth Third Bank,4598,12,20140320,1618835,569872,1048963,1.7370,16400000,20131203,0.90,20170116,20161231,1841072,551953,1289119,584445,2.2057,0.9720,20151231,1815671,596237,1219434,582848,2.0921,0.9575,20140320,1401420,403881,997539,517975,1.9258,20170101,20170930,YN,984380,1.6301,1224536,2.0952,1154851,1.9813,949103,1.8323,CMSA,N,20190930,20191231,20280131,3,,N,HireVergence  LLC,3408,BURGER 21,2828,20180930,20201130,,
CGCMT14GC19,623100071,6,6-004,20171110,,EAST COLONIAL,12014 EAST COLONIAL DRIVE,ORLANDO,FL,32826,,MU,2006,,16609,0,6,0.0847,0.0847,2601322.317671,N,,20131214,4500000,,,,1,20171001,20171017,0.09,0.21,0,0.19,0.51,JCPerez Foods  Inc.,4200,JCPerez Foods  Inc.,2038,Mazari  LLC.,1750,12,20140320,417687,103274,314413,1.5295,4500000,20131214,1,20170222,20161231,361146,116528,244618,123041,1.9881,1,20151231,382244,120107,262137,122705,2.1363,0.8946,20140320,364376,87961,276415,109047,2.5348,20170101,20170930,YN,295591,1.4380,225796,1.8351,243315,1.9829,262298,2.4053,CMSA,N,20211231,20190831,20210430,3,,N,ELITE METRO CORPORATION,1487,RiteCare Health  LLC,1467,20211031,20180131,,
CGCMT14GC19,623100071,6,6-003,20171110,,HUNTERS CREEK,13651 HUNTERS OAK DRIVE,ORLANDO,FL,32837,,RT,2006,,16398,0,6,0.1149,0.1149,3528830.393157,N,,20131212,6100000,,,,1,20171001,20171001,0,0.17,0,0.10,0.73,Amscot Corporation,3284,Heartland Dental Care  Inc.,2666,Tijuana Flats Burrito Company,2100,12,20140320,541545,133772,407773,1.5641,6100000,20131212,0.9130,20170213,20161231,700137,153686,546451,169181,3.2299,1,20151231,608176,166875,441301,168720,2.6155,1,20140320,510561,116017,394544,149940,2.6313,20170101,20170930,YN,387050,1.4847,525728,3.1074,420578,2.4927,379003,2.5276,CMSA,N,20220228,20250831,20261130,3,,N,Best Care Pharmacy  Inc.,1600,RLC Subs Hunters Creek  LL,1598,20210831,20220930,,
CGCMT14GC19,623100071,6,6-008,20171110,,SARASOTA PALMS,8756-8794 SOUTH TAMIAMI TRAIL,SARASOTA,FL,34238,,RT,2004,,15704,0,6,0.0659,0.0659,2023933.184587,N,,20131203,3500000,,,,0.5453,20171001,20171001,0.37,0.16,0.15,0,0.31,Go Wireless,3210,TR Links  Inc.,2657,Lifang Jie,1392,12,20140320,280495,75482,205013,1.7641,3500000,20131203,0.7420,20170112,20161231,172658,117737,54921,107661,0.5101,0.5453,20151231,155113,92450,62663,107366,0.5836,0.5009,20140320,128193,75014,53179,95416,0.5573,20170101,20170930,YN,190648,1.6405,40556,0.3767,48298,0.4498,42407,0.4444,CMSA,N,20180131,20240331,20181031,3,,N,Suzanne Bush & Chris Diemer,1304,,,20191231,,,
CGCMT14GC19,623100071,6,6-006,20171110,,OSCEOLA GATEWAY,3150-3176 BILL BECK BOULEVARD,KISSIMMEE,FL,34744,,RT,2008,,22664,0,6,0.0753,0.0753,2312627.751129,N,,20131212,4000000,,,,1,20171001,20171001,0.45,0.06,0,0.13,0.36,Kidsville Academy 3  Inc.,4180,Optimal You  LLc,2559,Ason Maxillofacial Surgery  PA,2380,12,20140320,300639,102878,197761,1.2019,4000000,20131212,0.87,20170124,20161231,432135,137232,294903,123041,2.3967,1,20151231,405667,120545,285122,122705,2.3236,0.9204,20140320,340937,92962,247975,109047,2.2740,20170101,20170930,YN,178181,1.0829,275323,2.2376,265542,2.1640,233291,2.1393,CMSA,N,20261231,20220630,20180630,3,,N,Touche Nail Salon  LLC.,1800,Saint Francis Beauty Suppl,1453,20210131,20171025,,
CGCMT14GC19,623100071,6,6-002,20171110,,THE GATEWAY,1483-1525 EAST OSCEOLA PARKWAY,KISSIMMEE,FL,34744,,RT,2008,,30955,0,6,0.1977,0.1977,6071799.553761,N,,20131212,10500000,,,,0.8503,20171001,20171001,0.05,0.28,0.06,0.36,0.25,The Covelli Family Limited Partnership,5752,EYM Diner of Florida  LLC,4450,TCC Wireless & RK Enterprise,3385,12,20140320,685901,158177,527724,1.6698,10500000,20131212,0.6540,20170124,20161231,842839,225928,616911,307603,2.0055,0.9396,20151231,828931,209212,619719,306762,2.0201,0.9534,20140320,696235,163560,532675,272618,1.9539,20170101,20170930,YN,498575,1.5775,587762,1.9107,590570,1.9251,510815,1.8737,CMSA,N,20210531,20190228,20211031,3,,N,Trustco Bank,1840,BaronHR  LLC,1550,20281130,20200831,,
CGCMT14GC19,623100071,6,6-007,20171110,,5TH 3RD AT WESTCHASE,9450 WEST LINEBAUGH AVENUE,TAMPA,FL,33626,,98,,,4604,0,6,0.0678,0.0678,2082286.341654,N,,20131203,3600000,,,,,,,,,,,,,,,,,,12,20140320,233016,57336,175680,1.4789,3600000,20131203,1,20170116,20161231,0,0,0,0,0,,20151231,0,0,0,0,0,,20140320,0,0,0,0,0,20170101,20170930,YN,175680,1.4789,0,,0,,0,,CMSA,N,,,,3,,Y,,,,,,,,
CGCMT14GC19,623100071,6,6-005,20171110,,SANFORD TOWNE CENTER,2440 SOUTH FRENCH AVENUE,SANFORD,FL,32771,,RT,1958,2006,41367,0,6,0.0847,0.0847,2601322.317671,N,,20131203,4500000,,,,0.8834,20171001,20171001,0.22,0.23,0,0,0.55,Morant Foods  Inc.,16946,Aaron's  Inc,8500,Family Dollar,7966,12,20140320,508867,150220,358647,1.9481,4500000,20131203,1,20170308,20161231,505834,120154,385680,123041,3.1345,0.8834,20151231,506659,113830,392829,122705,3.2014,1,20140320,347884,85494,262390,109047,2.4062,20170101,20170930,YN,332814,1.8077,359847,2.9246,366996,2.9908,243016,2.2285,CMSA,N,20211130,20181130,20171231,3,,N,Amscot Corporation,3130,,,20211231,,,
CGCMT14GC19,304101136,7,7-001,20171110,,136-138 WEST 34TH STREET,136-138 WEST 34TH STREET,NEW YORK,NY,10001,,RT,1902,1987,25000,0,6,1,1,30000000,N,,20131120,61000000,,,,1,20170630,20170930,0,0,0,0,1,Sprint,12500,Sterling Jewelers,12500,,,12,20140320,3823179,761422,3061757,2.0797,61000000,20131120,1,20170125,20161231,4303384,921726,3381658,1476200,2.2907,1,20151231,4113991,836750,3277241,1472167,2.2261,1,20140320,2177551,462798,1714753,734067,2.3359,20170101,20170630,YN,2963509,2.0130,3283410,2.2242,3178993,2.1593,1665629,2.2690,CMSA,N,20231130,20241231,,3,,N,,,,,,,,
CGCMT14GC19,304101125,8,8-001,20171110,,335 WEST 16TH STREET,335 WEST 16TH STREET,NEW YORK,NY,10011,,OF,1920,2010,54000,0,6,1,1,27353551.83,N,,20131021,53000000,,,,1,20160630,20170630,0,0,0,0,1,ADT Security Services Inc.,54000,,,,,,20140320,3688653,1049551,2639102,1.3967,53000000,20131021,1,20170306,,,,,,,,,,,,,,,20140320,1254488,0,1254488,944732,1.3278,20160101,20160630,YN,2496805,1.3214,,,,,1183340,1.2525,CMSA,N,20220724,,,3,,Y,,,,,,,,
CGCMT14GC19,623100065,9,9-001,20171110,,TWIN RIVER COMMONS STUDENT HOUSING,45 WASHINGTON STREET,BINGHAMTON,NY,13901,,MF,2012,,,371,6,1,1,25096416.59,N,,20131127,37000000,,,,0.9973,20170701,,,,,,,,,,,,,12,20140320,3650744,1391176,2259568,1.2724,37000000,20131127,1,20170921,20161231,4125525,1558490,2567035,1775755,1.4456,0.9946,20151231,3823700,1476855,2346845,1775755,1.3216,0.9946,20140320,2069442,720169,1349273,887877,1.5196,20170101,20170630,YN,2210781,1.2449,2518248,1.4181,2298058,1.2941,1324880,1.4921,CMSA,N,,,,3,,N,,,,,,,,
CGCMT14GC19,301670010,10,10-001,20171110,,350 NORTH CLARK,350 NORTH CLARK STREET,CHICAGO,IL,60654,,OF,1912,2012,110664,0,6,1,1,24934879.86,N,,20131201,35700000,,,,0.9352,20170801,20170801,0,0,0.15,0.32,0.53,Cleverbridge  Inc.,29447,Friedman Properties  Ltd,15465,Menasha Packaging Company  LLC,15465,12,20140320,3174215,772598,2401617,1.4760,35700000,20131201,1,20170425,20161231,3665778,1576643,2089135,1571187,1.3296,0.9352,20151231,3450197,1278586,2171611,1267564,1.7132,0.9667,20140320,1836892,717469,1119423,813525,1.3760,20170101,20170630,YN,2235621,1.3740,1923139,1.2240,2005615,1.5822,1036426,1.2739,CMSA,N,20240531,20200331,20210430,3,,N,KOS Services  LLC,15336,On Peak LLC,15055,20231031,20210430,,
CGCMT14GC19,301670011,11,11-001,20171110,,808 BRANNAN STREET,808 BRANNAN STREET & 572 7TH STREET,SAN FRANCISCO,CA,94103,,OF,1930,2012,60860,0,6,1,1,20000000,N,,20131230,35200000,,,,1,20170630,20170630,0,0,0,0,1,PInterest,60860,,,,,12,20140320,3001684,710037,2291647,2.4050,35200000,20131230,1,20170209,20161231,3397333,425709,2971624,955463,3.1101,1,20151231,3236745,740442,2496303,952853,2.6198,1,20140320,1748667,237717,1510950,475121,3.1801,20170101,20170630,YN,2218615,2.3283,2898592,3.0337,2423271,2.5431,1474434,3.1032,CMSA,N,20210901,,,3,,N,,,,,,,,
CGCMT14GC19,301670012,12,12-001,20171110,,GILBERT FIESTA MARKETPLACE,127-151 EAST WILLIAMS FIELD ROAD & 2487 AND 2531 SOUTH GILBERT ROAD,GILBERT,AZ,85295,,RT,2002,,58661,0,6,0.4881,0.4881,9119451.229626,N,,20131202,13300000,,,,1,20170630,20170930,0.18,0.13,0.25,0.06,0.38,Peter Piper Pizza,11021,Teakwoods Bar & Grill,4500,Copper Still,3840,12,20140320,1310611,415648,894963,1.5703,13300000,20131202,0.8510,20170302,20161231,1530398,372032,1158366,572171,2.0245,1,20151231,2907540,861259,2046281,1167696,1.7524,0.9686,20140320,807588,170768,636820,286085,2.2259,20170101,20170630,YN,836667,1.4680,1100070,1.9226,1987985,1.7024,607673,2.1240,CMSA,N,20251231,20200331,20200630,3,,N,American Medical Society,3000,MedPost Urgent Care,3000,20200531,20240831,,
CGCMT14GC19,301670012,12,12-002,20171110,,VILLAGE AT SURPRISE,13980 WEST BELL ROAD,SURPRISE,AZ,85374,,RT,2003,,27205,0,6,0.2183,0.2183,4078623.649718,N,,20131205,5950000,,,,1,20170630,20170930,0.36,0.34,0.12,0,0.19,SEARS,5061,Once Upon a Child,3536,Payless,2996,12,20140320,685868,192506,493362,1.9350,5950000,20131205,0.9130,20170221,20161231,692121,168883,523238,256893,2.0367,0.9532,20151231,0,0,0,0,0,0.9532,20140320,345250,80526,264724,128446,2.0609,20170101,20170630,YN,463712,1.8187,493588,1.9213,0,,249900,1.9455,CMSA,Y,20180331,20180331,20190831,3,,N,NYPD Pizza,2851,Build-A-Bike  Inc.,2214,20181031,20200630,,
CGCMT14GC19,301670012,12,12-003,20171110,,RIGGS MARKETPLACE,975 EAST RIGGS ROAD,CHANDLER,AZ,85249,,RT,2003,,18241,0,6,0.1835,0.1835,3428435.362910,N,,20131203,5000000,,,,0.9216,20170630,20170930,0.49,0.07,0,0.12,0.33,PetVet Care Centers dba Riggs Road Vet Clinic,2911,Leslie's Pool Mart  Inc.,2423,Smile Today Chandler,1937,12,20140320,543608,219489,324119,1.5127,5000000,20131203,1,20170301,20161231,587386,191752,395634,210185,1.8823,0.9216,20151231,0,0,0,0,0,0.9216,20140320,285589,91213,194376,105092,1.8495,20170101,20170630,YN,304474,1.4210,375989,1.7888,0,,184554,1.7561,CMSA,N,20230630,20171231,20201031,3,,N,Panda Express,1870,Go Wireless,1300,20180831,20171231,,
CGCMT14GC19,301670012,12,12-004,20171110,,FRYS SUPERSTITION SPRINGS CENTER,6920 EAST BASELINE ROAD & 1853 SOUTH POWER ROAD,MESA,AZ,85209,,RT,1996,,13197,0,6,0.1101,0.1101,2057061.217746,N,,20131203,3000000,,,,1,20170630,20170930,0,0,0.48,0.29,0.23,TitleMax,3000,Sakana Japanese Restaurant,1980,Domino's Pizza,1745,12,20140320,265548,77656,187892,1.4615,3000000,20131203,0.70,20170228,20161231,347388,69669,277719,128447,2.1621,1,20151231,0,0,0,0,0,1,20140320,177763,35085,142678,64223,2.2216,20170101,20170630,YN,170825,1.3288,260652,2.0292,0,,134145,2.0887,CMSA,N,20221031,20200731,20191130,3,,N,Vapeland,1500,Great Clips,1319,20191231,20210228,,
CGCMT14GC19,301670013,13,13-001,20171110,,MID-CITY PLAZA,953 PAYNE AVENUE & 301 MEADOW DRIVE,NORTH TONAWANDA,NY,14120,,RT,1958,,218144,0,6,1,1,18182344.45,N,,20131113,24700000,,,,1,20170601,20170301,0.07,0.11,0.22,0.20,0.40,Top's Supermarkets,58000,E.C. Barton & Company. A Delware Corp.,24833,Dollar Tree,9693,12,20140320,3200913,994685,2206228,1.8743,24700000,20131113,0.9450,20170113,20161231,2869797,1128564,1741233,923922,1.8846,1,20151231,2863171,1043511,1819660,921398,1.9748,0.9410,20140320,1495309,548403,946906,568708,1.6650,20170101,20170630,YN,2043594,1.7361,1578599,1.7085,1657026,1.7983,865589,1.5220,CMSA,N,20240731,20190331,20210131,3,,N,CVS,9088,Goodwill Industries,8160,20210131,20200331,,
CGCMT14GC19,623100055,14,14-001,20171110,,HIGHLAND ESTATES MHC,2197 EAST MOUNT MORRIS ROAD,MOUNT MORRIS,MI,48458,,MH,1985,,,644,6,1,1,16237513.92,N,,20131003,23000000,,,,0.7407,20170930,,,,,,,,,,,,,12,20140320,2912845,1075133,1837712,1.5396,23000000,20131003,0.8260,20161013,20161231,2923967,1019661,1904306,1193583,1.5954,0.7578,20151231,3013548,1006366,2007182,1193583,1.6816,0.7857,20140320,2192529,759960,1432569,895187,1.6003,20170101,20170930,YN,1802292,1.5099,1868886,1.5657,1971762,1.6519,1406004,1.5706,CMSA,N,,,,3,,N,,,,,,,,
CGCMT14GC19,623100051,15,15-001,20171110,,HUNTINGTON LAKES APARTMENTS,7324 SKILLMAN STREET,DALLAS,TX,75231,,MF,1984,,,405,6,1,1,16087188.32,N,,20131009,23440000,,,,0.9358,20170620,,,,,,,,,,,,,12,20140320,3240219,1655345,1584874,1.3667,23440000,20131009,0.9210,20170118,20161231,3881670,1746449,2135221,1159569,1.8413,0.9531,20151231,3606458,1621516,1984942,1159569,1.7117,0.9037,20140320,2093011,870432,1222579,579784,2.1086,20170101,20170630,YN,1483624,1.2794,2033971,1.7540,1883692,1.6244,1171954,2.0213,CMSA,N,,,,3,,N,,,,,,,,
CGCMT14GC19,301670016,16,16-001,20171110,,WESTERN CROSSING,2207 SOUTH WESTERN STREET,AMARILLO,TX,79109,,RT,2008,,167600,0,6,1,1,15307603.36,N,,20131125,21600000,,,,0.9766,20170930,20170930,0,0.14,0,0.05,0.81,Burlington Coat Factory,80000,Mardels,24893,Michael's Stores Inc.,21190,12,20140320,2095080,570847,1524233,1.4373,21600000,20131125,0.9810,20170321,20161231,2299276,631165,1668111,1060457,1.5730,0.9666,20151231,2125237,663816,1461421,1060457,1.3781,0.9726,20140320,1703845,413468,1290377,795342,1.6224,20170101,20170930,YN,1408480,1.3281,1552358,1.4638,1345668,1.2689,1203562,1.5132,CMSA,N,20240229,20231231,20250228,3,,N,Petco,15000,WBC Investments  LLC,3000,20190131,20190228,,
CGCMT14GC19,304101122,17,17-001,20171110,,ANTHEM MARKETPLACE,3655 WEST ANTHEM WAY,ANTHEM,AZ,85086,,RT,2000,,113292,0,6,1,1,14883653.01,N,,20131105,21700000,,,,0.9533,20170630,20170930,0.08,0.06,0.64,0.10,0.12,SAFEWAY INC,55256,KINDERCARE LEARNING CENTER,9897,Sweat Gym,4000,12,20140320,2147918,713264,1434654,1.4804,21700000,20131105,0.90,20160920,20161231,2371028,789569,1581459,764019,2.0699,0.9348,20151231,2295439,734731,1560708,761931,2.0483,0.9348,20140320,1179802.32,360259.12,819543.20,468479,1.7493,20170101,20170630,YN,1315796,1.3578,1462601,1.9143,1441850,1.8923,760114.20,1.6225,CMSA,N,20200531,20210531,20180630,3,,N,Morado LLC,3212,Moorehead Communications,2965,20200131,20191031,,
CGCMT14GC19,301670018,18,18-001,20171110,,KNOBS POINTE,2702 PAOLI PIKE,NEW ALBANY,IN,47150,,MF,1972,2013,,384,6,1,1,14228847.14,N,,20131011,19650000,,,,0.9369,20171011,,,,,,,,,,,,,12,20140320,2954813,1471308,1483505,1.6148,19650000,20131011,0.9170,20170404,20161231,3317117.10,1672159.80,1644957.30,719556,2.2860,0.9394,20151231,3054753,1615803,1438950,717590,2.0052,0.9116,20140320,2557466,1265364,1292102,673394,1.9187,20170101,20170930,YN,1362679,1.4833,1524130.38,2.1181,1318124,1.8368,1201482,1.7842,CMSA,Y,,,,3,,N,,,,,,,,
CGCMT14GC19,301670019,19,19-001,20171110,,FESTIVAL PLAZA,7915 - 7995 VAUGHN ROAD,MONTGOMERY,AL,36116,,RT,2000,,108356,0,6,1,1,12763235.06,N,,20131120,18100000,,,,0.8546,20170630,20170331,0.12,0.08,0,0.66,0.14,Rave Motion Pictures/AMC,58916,Alabama River Region Ballet School,6124,Alabama Outdoors,5900,12,20140320,1940192,490798,1449394,1.6093,18100000,20131120,0.8780,20161213,20161231,2084360,568864,1515496,900600,1.6827,0.9422,20151231,1994238,553984,1440254,900600,1.5992,0.9422,20140320,1002602,277974,724628,450300,1.6092,20170101,20170630,YN,1310210,1.4548,1352962,1.5022,1277720,1.4187,643361,1.4287,CMSA,N,20201231,20180831,20170930,2,,N,Plato's Closet,4800,Mellow Mushroom,4000,20240229,20220131,,
CGCMT14GC19,623100059,20,20-001,20171110,,1415 NORTH LOOP WEST,1415 NORTH LOOP WEST,HOUSTON,TX,77008,,OF,1982,,157794,0,6,1,1,12269490.67,N,,20131030,18500000,,,,0.9203,20170930,20170930,0.28,0.23,0.07,0.01,0.41,John M. Floyd & Associates,12730,HEA Clinic  PA,12730,Canyon Bay Realty Group Corporation,8795,12,20140320,2403502,1073106,1330396,1.5297,18500000,20131030,0.9020,20170208,20161231,2482476,1137514,1344962,869678,1.5465,0.9324,20151231,2473903,1116415,1357488,857699,1.5827,0.8857,20140320,2013530,888084,1125446,652258,1.7254,20170101,20170930,YN,1193665,1.3725,1208231,1.3892,1220757,1.4232,1022896,1.5682,CMSA,N,20211130,20241130,20220331,3,,N,ABIS Consulting,8659,Automated Health Management  Ltd,6646,20220831,20181231,,
CGCMT14GC19,300571069,21,21-002,20171110,,WYMBERLY CROSSING APARTMENTS,3001 SOUTH CARRIER PARKWAY,GRAND PRAIRIE,TX,75052,,MF,1974,2003,,212,6,0.4573,0.4573,5395535.536287,N,,20131126,8460000,,,,0.9670,20170630,,,,,,,,,,,,,12,20140320,1740106,1234569,505537,1.4543,8460000,20131126,0.9810,20170124,20161231,1991539,1076375,915164,347605,2.6327,0.9858,20151231,1925498,1207488,718010,347605,2.0655,0.9717,20140320,999500,469481,530019,173802,3.0495,20170101,20170630,YN,443633,1.2762,853260,2.4546,656106,1.8875,499067,2.8714,CMSA,N,,,,3,,N,,,,,,,,
CGCMT14GC19,300571069,21,21-001,20171110,,WYMBERLY POINTE APARTMENTS,702 WEST WARRIOR TRAIL,GRAND PRAIRIE,TX,75052,,MF,1983,2003,,208,6,0.5427,0.5427,6403142.653713,N,,20131126,10040000,,,,0.9856,20170630,,,,,,,,,,,,,12,20140320,1745964,1037418,708546,1.4380,10040000,20131126,0.9810,20170124,20161231,2076162,1065803,1010359,492722,2.0505,0.9952,20151231,1950329,998502,951827,492722,1.9317,0.9760,20140320,1031941,466838,565103,246360,2.2938,20170101,20170630,YN,647394,1.3139,949207,1.9264,890675,1.8076,534527,2.1696,CMSA,N,,,,3,,N,,,,,,,,
CGCMT14GC19,300571070,22,22-001,20171110,,CANYON PLAZA,3417-3433 BROADWAY STREET,AMERICAN CANYON,CA,94503,,MU,2001,,72231,0,6,1,1,11756840.50,N,,20131125,17500000,,,,0.8927,20170915,20170915,0.18,0.33,0.08,0.21,0.21,Cal OSHA,3819,New MD,3150,29 Outdoor Gear,3128,12,20140320,1581281,376556,1204725,1.4322,17500000,20131125,0.8430,20170117,20161231,1749348,424393,1324955,841139,1.5751,0.9106,20151231,1645157,389174,1255983,841139,1.4931,0.9514,20140320,1244133,342456,901677,630854,1.4292,20170101,20170930,YN,1116339,1.3271,1236569,1.4701,1167597,1.3881,835388,1.3242,CMSA,N,20220630,20180930,20190430,3,,N,WestAmerica Bank,3106,Wayside Church,2918,20201130,20220228,,
CGCMT14GC19,301670023,23,23-001,20171110,,WESTLAND SQUARE,2250 SUNSET BOULEVARD,WEST COLUMBIA,SC,29169,,RT,1986,1994,62735,0,6,0.2575,0.2575,3107106.304375,N,,20131208,4500000,,,,0.8080,20170630,20170630,0.19,0,0.14,0.57,0.09,Food Lion,29000,HAPPY CHINA BUFFET,5970,DOLLAR PLUS LLC,2400,12,20140320,445703,151524,294179,1.6108,4500000,20131208,0.8310,20170324,20161231,592057,165281,426776,209935,2.0328,0.7697,20151231,564862,181403,383459,171199,2.2398,0.9192,20140320,1264787.45,389016.31,875771.14,409920.28,2.1364,20170101,20170630,YN,248644,1.3615,381241,1.8159,337924,1.9738,782252.88,1.9083,CMSA,N,20210529,20180630,20220930,3,,N,N H MED SERVICES LLC,2310,CAROLINA CAFE AND CATERING,2310,20170731,20190731,,
CGCMT14GC19,301670023,23,23-002,20171110,,WATERWAY PLAZA,3379 HIGHWAY 9 EAST,LITTLE RIVER,SC,29566,,RT,1991,,49750,0,6,0.2117,0.2117,2554463.707325,N,,20131207,3700000,,,,1,20170630,20170630,0.06,0.03,0,0.66,0.25,Food Lion,29000,Family Dollar,8450,DRINKING CLASS BAR,2400,12,20140320,451931,104607,347324,0,3700000,20131207,0.9280,20170210,20161231,544580,148903,395677,169562,2.3335,1,20151231,490076,159800,330276,138277,2.3885,0.9759,20140320,0,0,0,0,0,20170101,20170630,YN,312997,,361350,2.1310,295949,2.1402,0,,CMSA,N,20210524,20211231,20200831,3,,N,Domino's Pizza,1800,PETER GIANG AND HIEP THUY HA,1500,20171231,20190430,,
CGCMT14GC19,301670023,23,23-003,20171110,,ST. GEORGE PLAZA,5978 WEST JIM BILTON ROAD,ST. GEORGE,SC,29477,,RT,1982,,59279,0,6,0.2060,0.2060,2485685.0435,N,,20131208,3600000,,,,0.6203,20170630,20170630,0.91,0.09,0,0,0,Bi Lo,33518,United States Postal Service,3250,,,12,20140320,432747,139411,293336,1.6688,3600000,20131208,0.8570,20170119,20161231,380108,132731,247377,169563,1.4589,0.6203,20151231,395787,177545,218242,138276,1.5783,0.7225,20140320,0,0,0,0,0,20170101,20170630,YN,255397,1.4530,209438,1.2351,180303,1.3039,0,,CMSA,N,20180225,20181125,,3,,N,,,,,,,,
CGCMT14GC19,301670023,23,23-004,20171110,,SOUTH SQUARE SHOPPING CENTER,1730 AIRPORT ROAD,LANCASTER,SC,29720,,RT,1992,,44350,0,6,0.1631,0.1631,1968035.099975,N,,20131207,2850000,,,,0.8985,20170630,20170630,0.21,0,0,0,0.79,Food Lion,29000,CVS,8450,Subway,1200,12,20140320,368762,108544,260218,1.8179,2850000,20131207,0.8990,20170317,20161231,392460,125733,266727,129191,2.0645,0.8985,20151231,428955,142595,286360,105354,2.7180,0.8985,20140320,0,0,0,0,0,20170101,20170630,YN,225625,1.5762,232134,1.7968,251767,2.3897,0,,CMSA,N,20221201,20171031,20211130,3,,N,88 CHINESE RESTAURANT,1200,,,20241031,,,
CGCMT14GC19,301670023,23,23-005,20171110,,CLOVER PLAZA,845 BETHEL STREET,CLOVER,SC,29710,,RT,1990,1996,45575,0,6,0.1617,0.1617,1951142.094825,N,,20131207,2825000,,,,1,20170630,20170630,0,0.06,0.21,0.64,0.09,Food Lion,29000,Dollar Tree,8450,CLOVER PLAZA WASHERETTE,1625,12,20140320,405128,160616,244512,1.7536,2825000,20131207,1,20170113,20161231,446540,161582,284958,129190,2.2057,1,20151231,431931,121160,310771,105354,2.9497,1,20140320,0,0,0,0,0,20170101,20170630,YN,209874,1.5052,250320,1.9376,276133,2.6210,0,,CMSA,N,20200810,20200430,20210831,3,,N,NAGOYA,1625,Subway,1300,20240229,20180831,,
CGCMT14GC19,301670024,24,24-001,20171110,,TANYARD PARK APARTMENTS,193 TANYARD PARK PLACE,LOUISVILLE,KY,40229,,MF,2004,,,175,6,1,1,11397106.37,N,,20131119,16100000,,,,0.9886,20170331,,,,,,,,,,,,,12,20140320,1674476,554645,1119831,1.4545,16100000,20131119,0.9140,20170404,20161231,1779675.72,605149.06,1174526.66,771340.05,1.5227,0.9943,20151231,1713555,587872,1125683,770615,1.4607,0.9943,20140320,915364.29,301395.21,613969.08,386175.56,1.5898,20170101,20170630,YN,1078356,1.4006,1133051.66,1.4689,1084208,1.4069,593232.08,1.5361,CMSA,N,,,,3,,N,,,,,,,,
CGCMT14GC19,623100050,25,25-001,20171110,,OAKRIDGE TERRACE APARTMENTS,43339 GADSDEN AVENUE,LANCASTER,CA,93534,,MF,1987,,,216,6,1,1,11286472.99,N,,20130923,16170000,,,,,,,,,,,,,,,,,,12,20140320,1802571,760115,1042456,1.3531,16170000,20130923,0.9580,20170303,20161231,2421707,932447,1489260,770385,1.9331,0.9861,20151231,2107983,910752,1197231,770385,1.5540,0.9907,20140320,,,,,,,,,988456,1.2830,1435260,1.8630,1143231,1.4839,,,CMSA,Y,,,,3,,N,,,,,,,,
CGCMT14GC19,301670026,26,26-001,20171110,,BARNES CROSSING PLAZA,4262-4398 MALL DRIVE,TUPELO,MS,38804,,RT,1996,,157700,0,6,1,1,9925963.94,N,,20131117,14100000,,,,0.9741,20170630,20170630,0.03,0.01,0.13,0,0.82,Hobby Lobby,59615,T J Maxx,29498,OfficeMax,23500,12,20140320,1542579,378473,1164106,1.6859,14100000,20131117,0.9680,20170905,20161231,1562490,392061,1170429,690479,1.6950,1,20151231,1548445,380999,1167446,690479,1.6907,0.9683,20140320,891252.04,189599.66,701652.38,345239.22,2.0323,20170101,20170630,YN,1036368,1.5009,1042691,1.51,1039708,1.5057,637784.38,1.8473,CMSA,N,20220831,20220131,20211231,3,,N,Burke's Outlet Store,20000,ATC Group Services  Inc.,9000,20200430,20221105,,
CGCMT14GC19,625100052,27,27-001,20171110,,SUGAR HOUSE,2121 SOUTH MCCLELLAND STREET,SALT LAKE CITY,UT,84106,,MU,1910,2013,49980,0,6,1,1,9946695.50,N,,20131108,15000000,,,,1,20170930,20170930,0.17,0.03,0,0.07,0.73,Keller Williams,12628,Gold Systems,7850,EBIX INC.,6712,12,20140320,1383175,374506,1008669,1.5211,15000000,20131108,1,20170204,20161231,1484753,532112,952641,663106,1.4366,1,20151231,1306771,488077,818694,663106,1.2346,1,20140320,1177198,390074,787124,497329,1.5827,20170101,20170930,YN,951192,1.4344,895164,1.3499,761217,1.1479,744017,1.4960,CMSA,N,20230731,20230731,20180801,1,,N,Boulder Ventures Devek,4027,Epic Brewing,3686,20230831,20230930,,
CGCMT14GC19,301670028,28,28-001,20171110,,PADDOCKS OFFICE BUILDING,3325 PADDOCKS PARKWAY,SUWANEE,GA,30024,,OF,2001,,96668,0,6,1,1,9630798.79,N,,20131203,13900000,,,,0.7659,20170630,20170630,0.22,0.31,0.12,0.31,0.04,Strategic Systems Inc,14313,Martin Marietta Materials  Inc,10235,South Forsyth Partne,9480,12,20140320,1651472,583038,1068434,1.5910,13900000,20131203,0.8420,20170214,20161231,1544761,584931,959830,671506,1.4293,0.7510,20151231,1544394,578115,966279,671506,1.4389,0.7912,20140320,698386.40,310924.29,387462.11,335752.03,1.1540,20170101,20170630,YN,961538,1.4319,852934,1.2701,859383,1.2797,334014.11,0.9948,CMSA,N,20180531,20180930,20210131,3,,N,Navigant Consulting  Inc.,9011,Trilogy Risk Special,8272,20200430,20200930,,
CGCMT14GC19,304101139,29,29-001,20171110,,BERWYN SHOPPING CENTER,550 LANCASTER AVENUE,BERWYN,PA,19312,,RT,1966,2004,33523,0,6,1,1,9895406.09,N,,20131125,14000000,,,,0.9403,20170711,20170930,0.17,0.06,0.04,0.15,0.57,CVS,14000,Pennsylvania Liquor Control Board,5490,Doctors Best Immediate Medical Care,4800,,20140320,1069666,206780,862886,1.3212,14000000,20131125,0.9710,20170127,,,,,,,,20151231,1129535,226277,903258,513520,1.7589,0.9403,20140320,531694,104629,427065,326552,1.3078,20170101,20170630,YN,834351,1.2775,,,874723,1.7033,412798,1.2641,CMSA,Y,20250131,20180831,20201231,3,,N,New World Enterprise LLC (Veekoo),2783,Thai Orchid,1260,20240131,20191130,,
CGCMT14GC19,304101118,30,30-001,20171110,,Defeased,,,,,,SE,,,,,3,1,1,9383104.77,,,,,,,,,,,,,,,,,,,,,,,,,,,,,,,,,,,,,,,,,,,,,,20160606,,,,,,,,,,,,,,,,,,,,,,,,,,,,,,,,
CGCMT14GC19,300571054,31,31-001,20171110,,HAMPTON INN & SUITES SAVANNAH,591 AL HENDERSON BOULEVARD,SAVANNAH,GA,31419,,LO,2006,2013,,92,6,1,1,8366520.28,N,,20131004,12700000,,,,0.8760,20170930,,,,,,,,,,,,,12,20140320,2683366,1612255,1071111,1.7921,12700000,20131004,0.7380,20170109,20161231,3534726,2232546,1302180,597672,2.1787,0.8540,20151231,3333369,1886879,1446490,597672,2.4202,0.8624,20140320,2759472,1540345,1219127,448254,2.7197,20170101,20170930,YN,963776,1.6125,1194845,1.9991,1339155,2.2406,1138626,2.5401,CMSA,N,,,,2,,N,,,,,,,,
CGCMT14GC19,304101128,32,32-001,20171110,,LAKE WASHINGTON SQUARE,2447 NORTH WICKHAM ROAD,MELBOURNE,FL,32935,,RT,1982,2013,112057,0,6,1,1,8268981.28,N,,20131010,12375000,,,,0.9405,20170630,20170930,0.07,0.10,0.12,0.05,0.66,Fitness International  LLC,38305,Thrifty Specialty Produce of Melbourne  Inc.,15237,Tuesday Morning,10244,12,20140320,1400249,413250,986999,1.8333,12375000,20131010,0.9180,20170106,20161231,1421329,360914,1060415,538346,1.9697,0.9372,20151231,1376358,345319,1031039,528492,1.9509,0.9140,20140320,735228.53,190128.12,545100.41,269173,2.0250,20170101,20170630,YN,895788,1.6639,969204,1.8003,939828,1.7783,499495.41,1.8556,CMSA,N,20290331,20290307,20200131,3,,N,Dolgencorp  Inc.,9824,Dance Mania All-Stars  LLC,6270,20230531,20190430,,
CGCMT14GC19,625100060,33,33-001,20171110,,PIONEER BUILDING,601 UNION STREET SUITE 4720,SEATTLE,WA,98104,,MU,1900,,54508,0,6,1,1,8142785.78,N,,20131126,15150000,,,,,,,,,,,,,,,,,,12,20140320,1481781,668122,813659,1.4785,15150000,20131126,0.9660,20161018,20161231,945561,800468,145093,550293,0.2636,0.7583,20151231,1285358,714486,570872,550293,1.0373,0.5684,20140320,,,,,,,,,731393,1.3290,62827,0.1141,488606,0.8879,,,CMSA,Y,,,,3,,N,,,,,,,,
CGCMT14GC19,304101121,34,34-001,20171110,,LV III PORTFOLIO - EPIC STORAGE AT WARM SPRINGS,,,,,,,,,,,6,,,,,,,,,,,,,,,,,,,,,,,,,,,,,,,,,,,,,,,,,,,,,,,,,20140320,,,,,,,,,,,,,,,,,,,,,,,,,,,,,,,,
CGCMT14GC19,304101121,34,34-002,20171110,,LV III PORTFOLIO - STORAGE ONE AT CONESTOGA,,,,,,,,,,,6,,,,,,,,,,,,,,,,,,,,,,,,,,,,,,,,,,,,,,,,,,,,,,,,,20140320,,,,,,,,,,,,,,,,,,,,,,,,,,,,,,,,
CGCMT14GC19,301670035,35,35-001,20171110,,334-336 WEST 46TH STREET,334-336 WEST 46TH STREET,NEW YORK,NY,10036,,MU,1900,2012,,10,6,1,1,8405917.76,N,,20131205,14000000,,,,0.5455,20170331,,,,,,,,,,,,,12,20140320,907353,219901,687452,1.2177,14000000,20131205,1,20170322,20161231,711345,193310,518035,455416,1.1374,0.5909,20151231,695114,191518,503596,454172,1.1088,1,20140320,123065,46136,76929,132659,0.5799,20170101,20170331,YN,679702,1.2040,510285,1.1204,495846,1.0917,74992,0.5652,CMSA,N,,,,3,,N,,,,,,,,
CGCMT14GC19,301670036,36,36-001,20171110,,SHOPS AT FIVE HILLS,3010 EAST BUSINESS 190,COPPERAS COVE,TX,76522,,RT,2012,,35069,0,6,1,1,8200000,N,,20131018,11100000,,,,0.9246,20170930,20170930,0.29,0.04,0.04,0,0.63,Abell Enterprises Inc,4956,Fossum Dental Group  P.A.,4301,AT & T,4122,12,20140320,996690,222964,773726,1.4376,11100000,20131018,0.9240,20170523,20161231,1094115,273922,820193,430589,1.9048,0.9246,20151231,1206940,252937,954003,429412,2.2216,0.9246,20140320,820279,192729,627550,322353,1.9467,20170101,20170930,YN,737090,1.3695,783557,1.8197,917367,2.1363,600073,1.8615,CMSA,N,20231231,20230531,20180630,3,,N,Naval Federal Credit Union,4009,Dr. Michael Repes  OD,3144,20180531,20230731,,
CGCMT14GC19,623100049,37,37-001,20171110,,TIMBERS OF DEERBROOK,9814 FM 1960 ROAD WEST,HUMBLE,TX,77338,,MF,1982,,,260,6,1,1,7566282.71,N,,20130805,11680000,,,,0.9385,20170926,,,,,,,,,,,,,12,20140320,2013578,1082296,931282,1.6916,11680000,20130805,0.8880,20170517,20161231,2337123,1208525,1128598,550510,2.05,0.8577,20151231,2374056,1099612,1274444,550510,2.3150,0.8385,20140320,1839857,899591,940266,412882,2.2773,20170101,20170930,YN,866282,1.5735,1063598,1.9320,1209444,2.1969,891516,2.1592,CMSA,Y,,,,3,,N,,,,,,,,
CGCMT14GC19,623100056,38,38-001,20171110,,LAKESHORE CROSSING,500 & 800 WEST ELDORADO PARKWAY,LITTLE ELM,TX,75068,,RT,2002,,42530,0,6,1,1,7306215.36,N,,20130918,10750000,,,,0.9404,20170930,20170930,0.11,0.04,0.14,0.26,0.45,Creekwood School,9376,Convenience Store,4840,Bella caf?,2500,12,20140320,1129218,306894,822324,1.5813,10750000,20130918,0.94,20170222,20161231,1105670,335192,770478,520004,1.4816,0.9404,20151231,1127762,325184,802578,512944,1.5646,0.7972,20140320,893940,260046,633894,390003,1.6253,20170101,20170930,YN,772139,1.4848,720293,1.3851,752393,1.4668,596256,1.5288,CMSA,N,20241101,20230901,20201231,3,,N,Little Elm Pharmacy,2300,Liquor Store,2205,20201130,20230901,,
CGCMT14GC19,623100061,39,39-001,20171110,,TOWER II  (1921 LOHMANS CROSSING),1921 LOHMANS CROSSING ROAD,LAKEWAY,TX,78734,,OF,2008,,29333,0,6,0.5688,0.5688,4209371.091072,N,,20131029,6200000,,,,1,20170922,20170922,0.07,0.61,0.25,0.06,0,MRM Partners  Ltd.,14643,CALIBER HOME LOANS INC,4167,Stewart title of Austin  LLC,3275,12,20140320,646565,221185,425380,1.4893,6200000,20131029,0.7940,20170403,20161231,1252120,493669,758451,494766,1.5329,1,20151231,1218322,433653,784669,403240,1.9459,0.8789,20140320,924738,329768,594970,376787,1.5790,20170101,20170930,YN,383415,1.3424,680247,1.3748,706465,1.7519,536316,1.4233,CMSA,N,20181031,20200430,20181031,3,,N,Wy-Vel,3275,Lake Travis Oral Surgery,2097,20191231,20171231,,
CGCMT14GC19,623100061,39,39-002,20171110,,TOWER I  (1927 LOHMANS CROSSING),1927 LOHMANS CROSSING ROAD,LAKEWAY,TX,78734,,OF,2000,,25331,0,6,0.4312,0.4312,3191070.348928,N,,20131029,4700000,,,,0.6649,20170922,20170922,0.21,0.21,0.11,0.29,0.18,Hill Country Allergy & Asthma,3504,Center for Child Protection,3052,Pain Partners of texas,2993,12,20140320,515137,188470,326667,1.5069,4700000,20131029,0.8860,20170403,20161231,0,0,0,0,0,0.6998,20151231,0,0,0,0,0,0.8789,20140320,0,0,0,0,0,20170101,20170930,YN,290427.64,1.3397,0,,0,,0,,CMSA,N,20170930,20220831,20201031,3,,N,Lubbock National Bank,1985,Pure Pharmacy,1860,20190331,20200229,,
CGCMT14GC19,300571055,40,40-001,20171110,,SANTA CLARITA PLAZA,26111 BOUQUET CANYON ROAD,SANTA CLARITA,CA,91350,,RT,1950,,38512,0,6,1,1,6895151.73,N,,20131112,10200000,,,,0.9124,20170630,20170630,0.01,0.29,0.22,0.13,0.34,County of Los Angeles,5535,INT'L HOUSE OF PANCAKES  INC,5000,Santa Clarita Stainmaster,4141,12,20140320,1031447,272076,759371,1.5742,10200000,20131112,0.9570,20170627,20161231,923525,322266,601259,482375,1.2464,0.7586,20151231,1057480,302597,754883,482375,1.5649,0.8781,20140320,513186.58,174754.95,338431.63,241187,1.4031,20170101,20170630,YN,704367,1.4602,546255,1.1324,699879,1.4509,310930.63,1.2891,CMSA,N,20250531,20260802,20191031,3,,N,Calvary Chapel of S. Clarita,3662,Santa Clarita Valley Uniserv,3293,20180930,20200831,,
CGCMT14GC19,625100057,41,41-001,20171110,,LA SPEEDZONE,17871 CASTLETON STREET,CITY OF INDUSTRY,CA,91748,,RT,1996,,452386,0,6,1,1,6871988.68,N,,20131030,16750000,,,,1,20170930,20170930,0,0,0,0,1,Apex Parks Group  LLC,452153,,,,,12,20140320,1023136,41624,981512,2.0018,16750000,20131030,1,20170203,20161231,1186838,48318,1138520,490294,2.3221,1,20151231,1186838,48318,1138520,490294,2.3221,1,20140320,890129,36239,853890,367720,2.3221,20170101,20170930,YN,981512,2.0018,1138520,2.3221,1138520,2.3221,853890,2.3221,CMSA,N,20230731,,,3,,N,,,,,,,,
CGCMT14GC19,623100060,42,42-001,20171110,,PINEDALE MANOR APARTMENTS,761 ADAMS DRIVE,NEWPORT NEWS,VA,23601,,MF,1964,,,296,6,1,1,6899780.01,N,,20130917,12800000,,,,0.9189,20170901,,,,,,,,,,,,,12,20140320,2089104,1238070,851034,1.8369,12800000,20130917,0.9120,20170314,20161231,2252925,1332624,920301,463286,1.9864,0.9392,20151231,2157778,1359638,798140,455617,1.7517,0.8919,20140320,1727296,1039522,687774,347464,1.9794,20170101,20170930,YN,762234,1.6452,831501,1.7947,709340,1.5568,621174,1.7877,CMSA,N,,,,3,,N,,,,,,,,
CGCMT14GC19,625100055,43,43-001,20171110,,KNOLLWOOD PLAZA,11846-11862 BALBOA BOULEVARD,GRANADA HILLS,CA,91344,,RT,1974,,23922,0,6,1,1,6747843.79,N,,20131023,10200000,,,,1,20170630,20170930,0.26,0.22,0.11,0.06,0.35,Pacific Dental Service,2862,Hair Encounter,2600,Massage Envy,2333,12,20140320,823286,219529,603757,1.2887,10200000,20131023,1,20161111,20161231,891027,237134,653893,468490,1.3957,1,20151231,814114,264538,549576,468490,1.1730,1,20140320,445451,113836,331615,234245,1.4156,20170101,20170630,YN,579834,1.2376,629970,1.3446,525653,1.1220,319654,1.3646,CMSA,N,20220331,20180531,20250625,2,,N,SAS Shoes,1804,Knollwood Realty,1700,20171031,20171106,,
CGCMT14GC19,623100064,44,44-001,20171110,,JONES BRIDGE SQUARE,5075 PEACHTREE PARKWAY,NORCROSS,GA,30092,,RT,1999,,83363,0,6,1,1,6750000,N,,20131119,11500000,,,,0.9832,20170630,20170630,0.06,0,0.03,0.02,0.89,INGLES MARKETS  INC.,62603,Steve T. Hahn DMD,3355,Taqueria del Sol,2855,12,20140320,1098081,360316,737765,1.6643,11500000,20131119,1,20170919,20161231,1063615,390702,672913,354791,1.8966,0.9790,20151231,942343,343025,599318,353822,1.6938,0.9388,20140320,565843,171711,394132,176426,2.2339,20170101,20170630,YN,666379,1.5032,601527,1.6954,527932,1.4920,358440,2.0316,CMSA,Y,20280930,20280930,20180331,3,,N,Sally JSPY Family,2100,Riverside Pizza,2000,20230131,20180131,,
CGCMT14GC19,623100067,45,45-005,20171110,,Defeased,,,,,,SE,,,,,3,0.1278,0.1278,791757.709272,,,,,,,,,,,,,,,,,,,,,,,,,,,,,,,,,,,,,,,,,,,,,,20160711,,,,,,,,,,,,,,,,,,,,,,,,,,,,,,,,
CGCMT14GC19,623100067,45,45-004,20171110,,Defeased,,,,,,SE,,,,,3,0.1325,0.1325,820875.5593,,,,,,,,,,,,,,,,,,,,,,,,,,,,,,,,,,,,,,,,,,,,,,20160711,,,,,,,,,,,,,,,,,,,,,,,,,,,,,,,,
CGCMT14GC19,623100067,45,45-002,20171110,,Defeased,,,,,,SE,,,,,3,0.2272,0.2272,1407569.260928,,,,,,,,,,,,,,,,,,,,,,,,,,,,,,,,,,,,,,,,,,,,,,20160711,,,,,,,,,,,,,,,,,,,,,,,,,,,,,,,,
CGCMT14GC19,623100067,45,45-006,20171110,,Defeased,,,,,,SE,,,,,3,0.1065,0.1065,659798.091060,,,,,,,,,,,,,,,,,,,,,,,,,,,,,,,,,,,,,,,,,,,,,,20160711,,,,,,,,,,,,,,,,,,,,,,,,,,,,,,,,
CGCMT14GC19,623100067,45,45-003,20171110,,Defeased,,,,,,SE,,,,,3,0.1363,0.1363,844417.650812,,,,,,,,,,,,,,,,,,,,,,,,,,,,,,,,,,,,,,,,,,,,,,20160711,,,,,,,,,,,,,,,,,,,,,,,,,,,,,,,,
CGCMT14GC19,623100067,45,45-001,20171110,,Defeased,,,,,,SE,,,,,3,0.2698,0.2698,1671488.497352,,,,,,,,,,,,,,,,,,,,,,,,,,,,,,,,,,,,,,,,,,,,,,20160711,,,,,,,,,,,,,,,,,,,,,,,,,,,,,,,,
CGCMT14GC19,301670046,46,46-001,20171110,,MARSH COVE - SOMERSET,123 WEST HIRTH ROAD,FERNANDINA BEACH,FL,32034,,MF,1975,1993,,166,6,1,1,5707601.67,N,,20131125,9400000,,,,0.9639,20170623,,,,,,,,,,,,,12,20140320,1399637,675884,723753,2.0008,9400000,20131125,0.9760,20170104,20161231,1692447,981985,710462,361730,1.9640,0.9699,20151231,1606094,890817,715277,361730,1.9773,0.9880,20140320,917862,505763,412099,180865,2.2784,20170101,20170630,YN,669969,1.8521,656678,1.8153,656181,1.8140,385207,2.1298,CMSA,N,,,,3,,N,,,,,,,,
CGCMT14GC19,623100070,47,47-001,20171110,,HARBOR POINT ESTATES MHC,4001 EAST 134TH STREET,CHICAGO,IL,60633,,MH,1955,,,141,6,1,1,5303489.23,N,,20131212,9210000,,,,0.9433,20170930,,,,,,,,,,,,,12,20140320,828665,231563,597102,1.4780,9210000,20131212,0.9360,20170331,20161231,927864,280559,647305,403970,1.6023,0.9504,20151231,904802,260866,643936,403970,1.5940,0.9291,20140320,696083,218280,477803,302977,1.5770,20170101,20170930,YN,588318,1.4563,638521,1.5806,635152,1.5722,471215,1.5552,CMSA,N,,,,3,,N,,,,,,,,
CGCMT14GC19,300571071,48,48-001,20171110,,BLUFFS OF LAKEWOOD,7510 EAST GRAND AVENUE,DALLAS,TX,75214,,MF,1983,,,233,6,1,1,5401804.27,N,,20131120,9250000,,,,0.9744,20170930,,,,,,,,,,,,,12,20140320,1558236,966444,591792,1.5382,9250000,20131120,0.9870,20170117,20161231,1838798,1063561,775237,384727,2.0150,0.9701,20151231,1713040,950298,762742,384727,1.9825,0.9786,20140320,1448831,772249,676582,288546,2.3447,20170101,20170930,YN,522125,1.3571,705570,1.8339,693075,1.8014,624331,2.1637,CMSA,N,,,,3,,N,,,,,,,,
CGCMT14GC19,625100069,49,49-001,20171110,,RAMADA DENVER,1150 EAST COLFAX AVENUE,DENVER,CO,80218,,LO,1962,1999,,152,6,1,1,5179440.04,N,,20130809,8100000,,,,0.7595,20170630,,,,,,,,,,,,,12,20140320,3041963,2132991,908972,2.2264,8100000,20130809,0.7280,20170314,20161231,3964508,3002826,961682,408259,2.3555,0.8140,20151231,4074579,2906234,1168345,408259,2.8617,0.8279,20140320,3834152,3313346,520806,408260,1.2756,20160701,20170630,TN,787293,1.9284,840003,2.0575,1046666,2.5637,367440,0.90,CMSA,N,,,,3,,N,,,,,,,,
CGCMT14GC19,301670050,50,50-001,20171110,,PANTANO VILLAS,260 SOUTH PANTANO ROAD,TUCSON,AZ,85710,,MF,1979,2014,,131,6,1,1,5286087.71,N,,20131118,7600000,,,,0.9265,20170930,,,,,,,,,,,,,12,20140320,1026561,504316,522245,1.4170,7600000,20131118,0.9390,20170118,20161231,1021035,446615,574420,368553,1.5585,0.9328,20151231,942732,453714,489018,363178,1.3464,0.9179,20140320,818070,355744,462326,276414,1.6725,20170101,20170930,YN,486744,1.3206,538919,1.4622,453517,1.2487,435700,1.5762,CMSA,N,,,,3,,N,,,,,,,,
CGCMT14GC19,625100053,51,51-001,20171110,,TOWN EAST SHOPPING CENTER,1102 HOMER ROAD,MINDEN,LA,71055,,RT,1988,2007,152512,0,6,1,1,5152565,N,,20131101,7600000,,,,0.8866,20171001,20171001,0.19,0.13,0.03,0.04,0.61,Tractor Supply,28898,Stage Stores Inc.,27902,It's Fashion,12020,12,20140320,964637,207227,757410,2.0832,7600000,20131101,0.9350,20170127,20161231,922720,249823,672897,363576,1.8507,0.8866,20151231,936178,197669,738509,363576,2.0312,0.9434,20140320,675666,142544,533122,272682,1.9551,20170101,20170930,YN,653702,1.7979,569189,1.5655,634801,1.7459,455341,1.6698,CMSA,N,20230131,20230131,20190131,3,,N,BMS Warehouse,8222,Sherwin Williams,7766,20180228,20230228,,
CGCMT14GC19,304101132,52,52-001,20171110,,BELL CREEK,8319 BELL CREEK ROAD,MECHANICSVILLE,VA,23116,,RT,2003,,65381,0,6,1,1,5001339.71,N,,20131101,8600000,,,,0.9076,20170701,20170701,0.08,0,0.07,0,0.85,Food Lion,37961,SPORTS PAGE,5200,Belle Foods,3200,12,20140320,802116,202696,599420,1.7280,8600000,20131101,0.90,20170309,20161231,839584,213590,625994,346881,1.8046,0.8796,20151231,855420,201222,654198,346880,1.8859,0.9009,20140320,419287,121791,297496,173440,1.7152,20170101,20170630,YN,550245,1.5862,576819,1.6628,605023,1.7441,272909,1.5735,CMSA,Y,20230415,20211031,20210731,3,,N,Bell Hut Asian Cuisine,2100,Mimmo's,2000,20240831,20210831,,
CGCMT14GC19,625100056,53,53-001,20171110,,AMBER OAKS,3501 CENTURY OAKS DRIVE,DURHAM,NC,27713,,MF,1986,,,96,6,1,1,5190103.43,N,,20131112,7000000,,,,1,20170630,,,,,,,,,,,,,12,20140320,831782,380679,451103,1.3158,7000000,20131112,0.9060,20170418,20161231,957951.02,434253.59,523697.43,273280.02,1.9163,0.9271,20151231,823021,370194,452827,272533,1.6615,0.9896,20140320,501224.01,219739.35,281484.66,165994.22,1.6957,20170101,20170630,YN,420383,1.2262,492977.07,1.8039,422107,1.5488,266866.85,1.6076,CMSA,Y,,,,3,,N,,,,,,,,
CGCMT14GC19,301670054,54,54-001,20171110,,MARY STAR OF THE SEA,3311 SOUTH BABCOCK STREET,MELBOURNE,FL,32901,,MF,2013,,,144,6,1,1,4960211.34,N,,20131122,7100000,,,,,,,,,,,,,,,,,,12,20140320,1023173,542928,480245,1.3804,7100000,20131122,0.9720,20170515,20161231,1123214,467248,655966,347888,1.8855,0.8605,20151231,1248691,492605,756086,347888,2.1733,0.9535,20140320,,,,,,,,,458045,1.3166,633766,1.8217,733886,2.1095,,,CMSA,N,,,,1,,N,,,,,,,,
CGCMT14GC19,304101138,55,55-001,20171110,,MOORE COURT APARTMENTS,150 & 295 GLEN STREET,GRAYSLAKE,IL,60030,,MF,1985,,,100,6,1,1,4835979.75,N,,20130924,6830000,,,,0.92,20170930,,,,,,,,,,,,,,20140320,935714,453039,482675,1.3936,6830000,20130924,0.94,20170217,,,,,,,,20151231,1012235,479871,532364,346335,1.5371,0.98,20140320,786227,373222,413005,259751,1.59,20170101,20170930,YN,452675,1.3070,,,502364,1.4505,390505,1.5033,CMSA,N,,,,3,,N,,,,,,,,
CGCMT14GC19,304101116,56,56-001,20171110,,MACARTHUR CORPORATE CENTER,17661 & 17671 COWAN,IRVINE,CA,92614,,OF,1981,,62887,0,6,1,1,4795062.72,N,,20131008,9400000,,,,0.8435,20170930,20170930,0.25,0,0,0.24,0.51,Pathnostics,27156,Avetta  LLC,12673,EAGLE HOME MORTGAGE IP,7989,12,20140320,1109286,423061,686225,2.1030,9400000,20131008,0.9220,20170307,20161231,1260351,442548,817803,326294,2.5063,0.8435,20151231,1286830,441600,845230,326294,2.5903,0.9970,20140320,922449,332806,589643,244720,2.4094,20170101,20170930,YN,592892,1.8170,724470,2.2202,751897,2.3043,519643,2.1234,CMSA,N,20220630,20201130,20171004,2,,N,Avetta  LLC,5226,,,20171010,,,
CGCMT14GC19,301670057,57,57-001,20171110,,1700 WEST GREENLEAF,1700 WEST GREENLEAF AVENUE,CHICAGO,IL,60626,,MF,1919,2011,,39,6,1,1,4890823.60,N,,20131120,6700000,,,,1,20170930,,,,,,,,,,,,,12,20140320,614847,166290,448557,1.4012,6700000,20131120,1,20170206,20161231,680122,212788,467334,314657,1.4852,0.9778,20151231,630439,210603,419836,249772,1.6808,0.9556,20140320,515365,180069,335296,240090,1.3965,20170101,20170930,YN,438807,1.3707,457584,1.4542,410086,1.6418,327983,1.3660,CMSA,N,,,,3,,N,,,,,,,,
CGCMT14GC19,625100058,58,58-001,20171110,,FAIRWAY COMMONS,10241-10271 FAIRWAY DRIVE,ROSEVILLE,CA,95678,,RT,2004,,64394,0,6,1,1,4748153.52,N,,20131007,7900000,,,,1,20170930,20170930,0.05,0.11,0,0.02,0.83,Big Lots,32899,99 Cents Only Store,18058,The Fitness Outlet  Inc,2602,,20140320,752313,257064,495249,1.4856,7900000,20131007,0.8940,20170216,,,,,,,,20151231,947261,245670,701591,333352,2.1046,0.9782,20140320,671538,158388,513150,250014,2.0524,20170101,20170930,YN,441827,1.3254,,,648169,1.9443,473085,1.8922,CMSA,N,20220131,20250131,20190831,3,,N,Wilfred A. Zepeda and Ingrid Estrada,2464,Jennifer J Everett Optometry  P.C.,1910,20190930,20181231,,
CGCMT14GC19,623100068,59,59-001,20171110,,Defeased,,,,,,SE,,,,,3,1,1,4733159.09,,,,,,,,,,,,,,,,,,,,,,,,,,,,,,,,,,,,,,,,,,,,,,20170120,,,,,,,,,,,,,,,,,,,,,,,,,,,,,,,,
CGCMT14GC19,301670060,60,60-001,20171110,,SUNRISE SHOPPING CENTER,5486 SAINT BARNABAS ROAD,OXON HILL,MD,20745,,RT,1991,,73390,0,6,1,1,4723047.15,N,,20131106,10200000,,,,1,20170930,20170930,0.02,0.03,0.04,0.13,0.78,NO EXCUSE WORKOUT,27590,Davita Inc/DVA Healthcare,8103,Family Dollar,8000,12,20140320,1130990,364161,766829,2.3507,10200000,20131106,0.8960,20170124,20161231,1137117,382905,754212,326212,2.3120,1,20151231,1293688,497584,796104,326212,2.4404,1,20140320,911237,326320,584917,244659,2.3907,20170101,20170930,YN,675091,2.0694,662474,2.0308,704366,2.1592,516114,2.1095,CMSA,N,20211231,20221023,20210630,3,,N,Urgent Care Matters,6459,Sherwin Williams,4760,20241031,20221231,,
CGCMT14GC19,304101119,61,61-001,20171110,,THE SHOPPES AT CASTLE PINES,7280 & 7298 LAGAE ROAD,CASTLE PINES,CO,80108,,RT,2002,,28103,0,6,1,1,4900000,N,,20131104,8850000,,,,,,20161231,0.40,0.06,0.05,0.09,0.40,Foundry,6558,Liquor Store,4200,Urgent Care,3645,12,20140320,1027122,441619,585503,2.3808,8850000,20131104,0.89,20170531,20161231,1140825,589838,550987,246593,2.2343,1,20151231,1014708,464749,549959,245919,2.2363,0.8291,20140320,,,,,,,,,550386,2.2380,515870,2.0919,514842,2.0935,,,CMSA,N,20170531,20211130,20210630,2,,N,Leading Edge,2400,Omega Learning Center,1904,20171231,20211130,,
CGCMT14GC19,625100063,62,62-001,20171110,,SELBYVILLE RITE AID,38169 DUPONT BOULEVARD,SELBYVILLE,DE,19975,,RT,2010,,14673,0,6,1,1,4621334.99,N,,20131108,8150000,,,,1,20170930,20170930,0,0,1,0,0,Rite Aid,14675,,,,,12,20140320,582342,17470,564872,1.7956,8150000,20131108,1,20170202,20161231,612992,18390,594602,314574,1.8901,1,20151231,612992,18390,594602,314574,1.8901,1,20140320,459744,13792,445952,235930,1.8901,20170101,20170930,YN,550199,1.7490,579929,1.8435,579929,1.8435,434948,1.8435,CMSA,N,20200531,,,3,,Y,,,,,,,,
CGCMT14GC19,623100053,63,63-001,20171110,,6502 GRAPE ROAD,6502 GRAPE ROAD,MISHAWAKA,IN,46545,,RT,2003,,50000,0,6,1,1,4267548.80,N,,20131008,7100000,,,,1,20170930,20170930,0,0,0,0,1,Best Buy,50000,,,,,,20140320,894237,220301,673936,2.0374,7100000,20131008,1,20161010,,,,,,,,20151231,825998,105885,720113,330768,2.1770,1,20140320,613356,83795,529561,248077,2.1346,20170101,20170930,YN,620527,1.8760,,,666704,2.0156,489505,1.9731,CMSA,N,20230320,,,3,,Y,,,,,,,,
CGCMT14GC19,301670064,64,64-001,20171110,,3200 BROADWAY,3200 BROADWAY BOULEVARD,GARLAND,TX,75043,,OF,1971,,90760,0,6,1,1,4324371.33,N,,20131104,6100000,,,,0.7633,20170901,20170901,0.11,0.17,0.11,0.28,0.34,JPMorgan Chase Bank  N.A.,17904,Davis-Dyer-Max  Inc.,7330,Cannon Operating  LLC,5310,12,20140320,1228068,670819,557249,1.8299,6100000,20131104,0.8450,20170927,20161231,1208555,661993,546562,304521,1.7948,0.7673,20151231,1239694,680474,559220,304521,1.8363,0.7873,20140320,921791,502456,419335,228390,1.8360,20170101,20170930,YN,416952,1.3692,406265,1.3341,418923,1.3756,314113,1.3753,CMSA,N,20240630,20210731,20210228,3,,N,Yusen Logistics,4974,Beyond Faith Homecare &Rehab,4582,20211231,20181130,,
CGCMT14GC19,623100066,65,65-001,20171110,,"WALGREENS - WOODRIDGE  IL",2501 75TH STREET,WOODRIDGE,IL,60517,,RT,2009,,14820,0,6,1,1,4500000,N,,20131210,7300000,,,,1,20170630,20170630,0,0,0,0,1,Walgreens,14820,,,,,12,20140320,420825,2160,418665,1.3922,7300000,20131210,1,20170330,20161231,420825,2268,418557,243619,1.7180,1,20151231,414933,2160,412773,242953,1.6989,1,20140320,210413,1134,209279,121144,1.7275,20170101,20170630,YN,415701,1.3824,415593,1.7059,409809,1.6867,207797,1.7152,CMSA,N,20840430,,,3,,Y,,,,,,,,
CGCMT14GC19,623100052,66,66-001,20171110,,CROSSROADS SHOPPING CENTER,3103-3213 FM 1960 ROAD EAST,HUMBLE,TX,77338,,RT,1978,1998,75065,0,6,1,1,4110991.12,N,,20130925,5930000,,,,0.9172,20170630,20170630,0.23,0.11,0.24,0.04,0.37,Dollar General,10526,Cash America Advance,10340,XU Qin Wu,10000,12,20140320,717720,258623,459097,1.5679,5930000,20130925,0.8780,20170110,20161231,767969,319726,448243,292794,1.5309,0.9172,20151231,742269,260380,481889,292794,1.6458,0.9050,20140320,418961.43,129337.03,289624.40,146397.06,1.9783,20170101,20170630,YN,401971,1.3728,391117,1.3358,424763,1.4507,261060.57,1.7832,CMSA,N,20180630,20211231,20210731,3,,N,Dance Studio,8640,Sherwin Williams,3965,20200531,20181130,,
CGCMT14GC19,301670067,67,67-001,20171110,,GATEWAYS APARTMENTS,,,,,,,,,,,6,,,,,,,,,,,,,,,,,,,,,,,,,,,,,,,,,,,,,,,,,,,,,,,,,20140320,,,,,,,,,,,,,,,,,,,,,,,,,,,,,,,,
CGCMT14GC19,623100058,68,68-001,20171110,,SORRENTO VIEW APARTMENTS,12365 SOUTHWEST CONESTOGA DRIVE,BEAVERTON,OR,97008,,MF,1985,2011,,80,6,1,1,3646585.67,N,,20131101,6830000,,,,0.9375,20170630,,,,,,,,,,,,,12,20140320,701676,330711,370965,1.4173,6830000,20131101,0.9880,20170905,20161231,901414,303220,598194,261739,2.2854,0.95,20151231,801022,266212,534810,261739,2.0432,1,20140320,467276,148304,318972,130869,2.4373,20170101,20170630,YN,350965,1.3408,578194,2.2090,514810,1.9668,308972,2.3609,CMSA,Y,,,,3,,N,,,,,,,,
CGCMT14GC19,625100061,69,69-001,20171110,,BELLFORT PLAZA,7035 BELLFORT STREET,HOUSTON,TX,77087,,MF,1964,2001,,154,6,1,1,3601770.36,N,,20131212,5500000,,,,0.9545,20170731,,,,,,,,,,,,,12,20140320,1145023,702606,442417,1.7220,5500000,20131212,0.9740,20170120,20161231,1246217,767626,478591,256913,1.8628,0.9740,20151231,1164933,796870,368063,256912,1.4326,0.9740,20140320,922402,568157,354245,192684,1.8384,20170101,20170930,YN,403147,1.5691,439321,1.7099,328793,1.2797,324793,1.6856,CMSA,N,,,,3,,N,,,,,,,,
CGCMT14GC19,625100065,70,70-001,20171110,,TAYLORS SQUARE,3023 WADE HAMPTON BOULEVARD,TAYLORS,SC,29687,,RT,1989,2003,28952,0,6,1,1,3361665.49,N,,20131203,4750000,,,,1,20170926,20170926,0.06,0.21,0,0.38,0.35,Yue Bin Wang and Man Hai Wong,10260,Dollar Tree,9499,Gamestop,1807,12,20140320,468111,119698,348413,1.5132,4750000,20131203,1,20170313,20161231,481924,98850,383074,230243,1.6637,1,20151231,555013,129496,425517,230243,1.8481,1,20140320,363154,73145,290009,172682,1.6794,20170101,20170930,YN,321309,1.3955,355970,1.5460,398413,1.7304,269682,1.5617,CMSA,N,20211031,20210131,20171231,3,,N,Firehouse Subs,1758,Trung Tran,1407,20190830,20181231,,
CGCMT14GC19,625100054,71,71-001,20171110,,COUNTRY CLUB SELF STORAGE,4600 EAST NESTLE PURINA AVENUE,FLAGSTAFF,AZ,86004,,SS,2007,,73485,0,6,1,1,3256679.05,N,,20131103,4950000,,,,0.8645,20170630,,,,,,,,,,,,,12,20140320,589095,241302,347793,1.5350,4950000,20131103,0.8050,20170215,20161231,730539,281295,449244,226565,1.9828,0.8152,20151231,696480,245105,451375,226565,1.9922,0.7747,20140320,613350,191005,422345,169923,2.4855,20170101,20170930,YN,334114,1.4746,435565,1.9224,437696,1.9318,412086,2.4251,CMSA,N,,,,3,,N,,,,,,,,
CGCMT14GC19,623100054,72,72-001,20171110,,HAVERWOOD VILLAGE - DALLAS TX,18900 DALLAS PARKWAY,DALLAS,TX,75287,,RT,2001,,27689,0,6,1,1,3052183.81,N,,20131029,4400000,,,,0.9357,20171018,20171018,0.06,0.10,0.12,0,0.71,GENGHIS GRILL,11546,Convenience /Beer & Wine store,3000,KFC,2643,12,20140320,485948,152262,333686,1.3576,4400000,20131029,0.8990,20170202,20161231,480023,169238,310785,245787,1.2644,0.9246,20151231,505806,170521,335285,245787,1.3641,0.8929,20140320,411672,138754,272918,184341,1.4805,20170101,20170930,YN,303557,1.2350,280656,1.1418,305156,1.2415,250322,1.3579,CMSA,N,20260131,20211031,20230131,3,,N,AFRIKA FUSION,2000,I-APARTMENTS,1500,20191231,20190228,,
CGCMT14GC19,301670073,73,73-001,20171110,,FAIRWAY CLUB APARTMENTS,55 VILLA ROAD,GREENVILLE,SC,29615,,MF,1969,2003,,192,6,1,1,3057468.19,N,,20131106,6480000,,,,,,,,,,,,,,,,,,12,20140320,1215092,733591,481501,2.3024,6480000,20131106,0.9640,,20161231,1396751,766737,630014,209122,3.0126,0.9531,20151231,1307312,835964,471348,209122,2.2539,0.9583,20140320,,,,,,,,,423901,2.0270,572414,2.7372,413748,1.9785,,,CMSA,,,,,,,N,,,,,,,,
CGCMT14GC19,623100057,74,74-002,20171110,,HOBART SELF-STORAGE,1710 EAST STATE ROAD 130 AND 201 SOUTH HOBART DRIVE,HOBART,IN,46342,,SS,1995,2013,29055,257,6,0.3835,0.3835,1156796.2263,N,,20131007,1810000,,,,1,20170630,,,,,,,,,,,,,12,20140320,210966,76750,134216,1.5299,1810000,20131007,0.9040,20170227,20161231,279842,106931,172911,87727,1.9710,0.9403,20151231,273858,100359,173499,87727,1.9777,0.9105,20140320,160150,53018,107132,43864,2.4423,20170101,20170630,YN,129858,1.4802,168553,1.9213,169141,1.9280,104953,2.3926,CMSA,N,,,,3,,N,,,,,,,,
CGCMT14GC19,623100057,74,74-003,20171110,,MERRILLVILLE SELF-STORAGE,850 EAST 61ST AVENUE,MERRILLVILLE,IN,46410,,SS,2006,2012,23600,162,6,0.2225,0.2225,671152.9605,N,,20131007,1050000,,,,0.9691,20170630,,,,,,,,,,,,,12,20140320,145786,80150,65636,1.5986,1050000,20131007,0.9640,20170124,20161231,226146,84244,141902,41056,3.4563,0.9074,20151231,212654,83803,128851,41056,3.1384,0.9321,20140320,108605,44559,64046,20528,3.1199,20170101,20170630,YN,62096,1.5124,138362,3.37,125311,3.0521,62276,3.0337,CMSA,N,,,,3,,N,,,,,,,,
CGCMT14GC19,623100057,74,74-001,20171110,,MICHIGAN CITY SELF-STORAGE,7176 WEST US HIGHWAY 20,MICHIGAN CITY,IN,46360,,SS,1992,2011,37815,298,6,0.3941,0.3941,1188770.254980,N,,20131007,1860000,,,,0.9664,20170630,,,,,,,,,,,,,12,20140320,233642,86759,146883,1.5618,1860000,20131007,0.9250,20170124,20161231,346165,131526,214639,94043,2.2823,0.9003,20151231,310253,112306,197947,94043,2.1048,0.9062,20140320,175266,59538,115728,47021,2.4611,20170101,20170630,YN,141211,1.5015,208967,2.2220,192275,2.0445,112892,2.4008,CMSA,N,,,,3,,N,,,,,,,,
CGCMT14GC19,304101120,75,75-002,20171110,,Defeased,,,,,,SE,,,,,3,0.3537,0.3537,1002197.401695,,,,,,,,,,,,,,,,,,,,,,,,,,,,,,,,,,,,,,,,,,,,,,20161012,,,,,,,,,,,,,,,,,,,,,,,,,,,,,,,,
CGCMT14GC19,304101120,75,75-001,20171110,,Defeased,,,,,,SE,,,,,3,0.6463,0.6463,1831269.948305,,,,,,,,,,,,,,,,,,,,,,,,,,,,,,,,,,,,,,,,,,,,,,20161012,,,,,,,,,,,,,,,,,,,,,,,,,,,,,,,,
CGCMT14GC19,301670076,76,76-001,20171110,,QWIK-STOR SELF STORAGE,1213 NORTH KING STREET,HAMPTON,VA,23669,,SS,1986,,54750,0,6,1,1,2301816.97,N,,20131018,5080000,,,,0.6819,20170331,,,,,,,,,,,,,12,20140320,574187,212342,361845,1.6929,5080000,20131018,0.8140,20161101,20161231,560864,272937,287927,213741,1.3470,0.58,,,,,,,,20140320,144709,61044,83665,53435,1.5657,20170101,20170331,YN,353632,1.6544,279714,1.3086,,,81612,1.5273,CMSA,N,,,,2,,N,,,,,,,,
CGCMT14GC19,300571063,77,77-001,20171110,,COVINGTON CROSSING,11162-86 HIGHWAY 142,COVINGTON,GA,30014,,RT,2010,,19900,0,6,1,1,2423377.47,N,,20131120,3425000,,,,0.9296,20170901,20170901,0.23,0.21,0,0.43,0.13,Dollar Tree,8000,One Main Financial Inc,2450,Shane's Rib Shack,2450,12,20140320,353694,80200,273494,1.6014,3425000,20131120,1,20170110,20161231,416442,98359,318083,170780,1.8625,0.9296,20151231,398260,96203,302057,170780,1.7686,1,20140320,292551,78010,214541,128085,1.6749,20170101,20170930,YN,249614,1.4616,294203,1.7227,278177,1.6288,196632,1.5351,CMSA,N,20200930,20171012,20190830,3,,N,AT & T,1750,Benchmark  Inc,1400,20180630,20190531,,
CGCMT14GC19,301670078,78,78-001,20171110,,GODDARD COURT APARTMENTS & TOWNHOMES,11208 GODDARD COURT,TAYLOR,MI,48180,,MF,1977,,,98,6,1,1,1789519.71,N,,20131105,3200000,,,,,,,,,,,,,,,,,,12,20140320,710772,418747,292025,2.3616,3200000,20131105,0.9490,20161025,20161231,766506,448645,317861,123652,2.5706,0.9796,,,,,,,,20140320,,,,,,,,,257725,2.0842,283561,2.2932,,,,,CMSA,N,,,,2,,N,,,,,,,,
