CGCMT15GC33,304101444,1,1-002,20171212,,233 NORTH MICHIGAN AVENUE,233 NORTH MICHIGAN AVENUE,CHICAGO,IL,60601,UNAVAILABLE,OF,1972,2014,1073427,0,6,0.50,0.50,50000000,N,,20150624,169885160,,,,0.8257,20170930,20170930,0.02,0.03,0.11,0.35,0.49,GSA,184042,iHeartmedia-Entertainment  Inc.,73353,YOUNG & RUBICAM INC.,69292,12,20150929,24971359,14598182,10373177,1.5072,169885159,20150624,0.6570,20171005,20161231,23257870,9832787,13425083,5940892,2.2597,0.7002,20151231,8915172,4751771,4163401,2867595,1.4518,0.6269,20150929,17847012,7417185,10429827,4447553,2.3450,20170101,20170930,YN,9293018,1.3502,12344924,2.0779,3713335,1.2949,9619707,2.1629,CMSA,N,20201130,20240731,20200229,3,,N,AmTrust North America Inc.,68956,Slack & Company  LLC,35592,20260531,20270531,,
CGCMT15GC33,304101444,1,1-001,20171212,,111 EAST WACKER,111 EAST WACKER DRIVE,CHICAGO,IL,60601,UNAVAILABLE,OF,1969,2014,1018462,0,6,0.50,0.50,50000000,N,,20150624,220114840,,,,0.6865,20170930,20170930,0.06,0.12,0.05,0.20,0.57,Bankers Life and Casualty Company,137492,Combined Insurance Company of America,99204,Taft Stettinius & Hollister LL,69298,12,20150929,28328615,15154544,13174071,1.4773,220114841,20150624,0.7930,20170118,20161231,24974931,9751425,15223506,5940892,2.5624,0.8157,20151231,10565346,5088362,5476984,3715453,1.4741,0.7629,20150929,19639504,7650069,11989435,4447553,2.6957,20170101,20170930,YN,12040669,1.3502,14090104,2.3717,5004733,1.3470,11139383,2.5046,CMSA,N,20230831,20210714,20250531,3,,N,Zenith Media Services,66768,Illinois Housing Dev Authority,66516,20190731,20261027,,
CGCMT15GC33,304591002,2,2-001,20171212,,"EMBASSY SUITES CONCORD  NC",5400 JOHN Q HAMMONS DRIVE NORTHWEST,CONCORD,NC,28027,UNAVAILABLE,LO,2007,,,308,6,0.14285710,0.1189,11499730.364933,Y,,20150611,89300000,20250906,,,0.72,20170331,,,,,,,,,,,,,12,20150929,24560400,16285563,8274837,2.0658,89300000,20150611,0.7550,20170613,20161231,77750027,41643530,36106497,16070774,2.2467,0.6676,20151231,24238910,15790566,8448344,4005516,2.1091,0.7527,20150929,28773966,19056382,9717584,4017691,2.4186,20170101,20170331,YN,7292421,1.8205,31566097,1.9641,7465928,1.8639,8566626,2.1322,CMSA,N,,,,3,,N,,,,,,,,
CGCMT15GC33,304591002,2,2-002,20171212,,"EMBASSY SUITES MURFREESBORO  TN",1200 CONFERENCE CENTER BOULEVARD,MURFREESBORO,TN,37129,UNAVAILABLE,LO,2008,,,283,6,0.14285710,0.11,10638943.1467,N,,20150609,72500000,20250906,,,0.72,20170331,,,,,,,,,,,,,12,20150929,18694612,12240654,6453958,1.9846,72500000,20150609,0.78,20170626,20161231,0,0,0,0,0,0.6676,20151231,18962087,12320827,6641260,3251959,2.0422,0.7935,20150929,0,0,0,0,0,20170101,20170331,YN,5706173,1.7546,0,,5893475,1.8122,0,,CMSA,N,,,,3,,N,,,,,,,,
CGCMT15GC33,304591002,2,2-003,20171212,,"EMBASSY SUITES NORMAN  OK",2501 CONFERENCE DRIVE,NORMAN,OK,73069,UNAVAILABLE,LO,2008,,,283,6,0.14285710,0.3026,29266765.419922,N,,20150611,54600000,20250906,,,0.72,20170331,,,,,,,,,,,,,12,20150929,15988462,11403522,4584940,1.8201,54600000,20150611,0.7430,20170621,20161231,0,0,0,0,0,0.6676,20151231,16107805,11269596,4838209,2519034,1.9206,0.7437,20150929,0,0,0,0,0,20170101,20170331,YN,3945402,1.5662,0,,4198671,1.6667,0,,CMSA,N,,,,3,,N,,,,,,,,
CGCMT15GC33,304591002,2,2-004,20171212,,"COURTYARD BY MARRIOTT DALLAS/ALLEN  TX",210 EAST STACY ROAD,ALLEN,TX,75002,UNAVAILABLE,LO,2010,,,228,6,0.14285710,0.0663,6412381.187511,N,,20150611,43344314,20250906,,,0.72,20170331,,,,,,,,,,,,,12,20150929,9875219,6309440,3565779,1.7831,43344314,20150611,0.7790,20170607,20161231,0,0,0,0,0,0.6676,20151231,9506913,6174930,3331983,1999740,1.6662,0.7756,20150929,0,0,0,0,0,20170101,20170331,YN,3170770,1.5855,0,,2936974,1.4686,0,,CMSA,N,,,,3,,N,,,,,,,,
CGCMT15GC33,304591002,2,2-005,20171212,,"RENAISSANCE BY MARRIOTT PHOENIX/GLENDALE  AZ","9495 WEST COYOTES BOULEVARD  6633 NORTH 95TH STREET  9460 COYOTES STREET AND 9494 WEST MARYLAND AVENUE",GLENDALE,AZ,85305,UNAVAILABLE,LO,2007,,,320,6,0.14285710,0.2467,23860247.948099,Y,,20150608,55200000,20250906,,,0.72,20170331,,,,,,,,,,,,,12,20150929,19603815,15773193,3830622,1.9904,55200000,20150608,0.6380,20170605,20161231,0,0,0,0,0,0.6676,20151231,22638193,16355390,6282803,1924470,3.2646,0.6552,20150929,0,0,0,0,0,20170101,20170331,YN,3046469,1.5830,0,,5498650,2.8572,0,,CMSA,N,,,,2,,N,,,,,,,,
CGCMT15GC33,304591002,2,2-006,20171212,,"EMBASSY SUITES HUNTSVILLE  AL",800 MONROE STREET SOUTHWEST,HUNTSVILLE,AL,35801,UNAVAILABLE,LO,2006,,,295,6,0.14285710,0.1093,10571240.781221,Y,,20150609,36200000,20250906,,,0.72,20170331,,,,,,,,,,,,,12,20150929,10794777,7722077,3072700,1.8923,36200000,20150609,0.7820,20170608,20161231,0,0,0,0,0,0.6676,20151231,10739361,7364439,3374922,1623737,2.0784,0.7997,20150929,0,0,0,0,0,20170101,20170331,YN,2640909,1.6264,0,,2943131,1.8125,0,,CMSA,N,,,,3,,N,,,,,,,,
CGCMT15GC33,304591002,2,2-007,20171212,,"RESIDENCE INN BY MARRIOTT KANSAS CITY  MO",10300 NORTH AMBASSADOR DRIVE,KANSAS CITY,MO,64153,UNAVAILABLE,LO,2007,2015,,152,6,0.14285710,0.0462,4468356.121614,N,,20150610,16176188,20250906,,,0.72,20170331,,,,,,,,,,,,,12,20150929,4964673,3634695,1329978,1.7820,16176188,20150610,0.8090,20170602,20161231,0,0,0,0,0,0.6676,20151231,5001976,3513526,1488450,746307,1.9944,0.8030,20150929,0,0,0,0,0,20170101,20170331,YN,1131391,1.5159,0,,1289863,1.7283,0,,CMSA,N,,,,3,,N,,,,,,,,
CGCMT15GC33,304101447,3,3-001,20171212,,THE DECORATION & DESIGN BUILDING,979 THIRD AVENUE,NEW YORK,NY,10022,UNAVAILABLE,MU,1963,2001,588512,0,6,1,1,65000000,Y,,20150401,400000000,,,,0.9452,20170630,20171130,0.11,0.11,0.07,0.13,0.59,SQUARE PARKING SYS (E59GARAGE),38000,STARK CARPET - 10FL & 11FL,37094,F. SCHUMACHER & CO.,22745,12,20150819,48377193,25586971,22790222,2.3792,400000000,20150401,0.9480,20170828,20161231,48218077,23576391,24641686,6919688,3.5610,0.9613,20151231,47180782,23994706,23186076,6875687,3.3721,0.9882,20150929,24294710.75,12118924.86,12175785.89,3428425,3.5514,20170101,20170630,YN,22075196,2.3045,23926660,3.4577,22471050,3.2681,11818272.68,3.4471,CMSA,N,20290131,20241130,20170630,3,,N,Holly Hunt Ltd,19056,Donghia Textiles  Inc.,18450,20270331,20210930,,
CGCMT15GC33,304591004,4,4-001,20171212,,HAMILTON LANDING,"3  4  5  6  7  9 AND 10 HAMILTON LANDING",NOVATO,CA,94949,UNAVAILABLE,OF,1936,2000,406355,33,6,1,1,60000000,N,,20150707,84700000,,,,0.9680,20170630,20170930,0.06,0.43,0.04,0.16,0.31,Visual Concepts Entertainment,109913,Horizon Pharma USA  Inc.,41873,Marin Community Foundation,36252,12,20150929,11676830,4857675,6819155,2.5828,84700000,20150707,0.9180,20170718,20161231,11577716,5041725,6535991,2647399,2.4688,0.9501,,,,,,,,20150929,6320602.44,2585801.32,3734801.12,1316467.06,2.8369,20170101,20170630,YN,6376128,2.4150,6092964,2.3014,,,3513286.88,2.6687,CMSA,N,20190331,20210930,20261231,3,,N,Toys For Bob - Activision,23664,Marin IPA,22266,20210630,20190531,,
CGCMT15GC33,304591005,5,5-001,20171212,,COURTYARD SUNNYVALE,660 WEST EL CAMINO REAL,SUNNYVALE,CA,94087,UNAVAILABLE,LO,2014,,,145,6,1,1,40600000,N,,20150707,58000000,,,,0.7793,20170930,,,,,,,,,,,,,12,20150929,10102077,5224946,4877131,1.9250,58000000,20150707,0.7530,,20161231,10712988,5217084,5495904,1949497,2.8191,0.7962,20151231,10125063,5467287,4657776,1944170,2.3957,0.7869,20150929,8252199,3763568,4488631,1459459,3.0755,20170101,20170930,YN,4473048,1.7655,5091821,2.6118,4253693,2.1879,4185569,2.8678,CMSA,,,,,,,N,,,,,,,,
CGCMT15GC33,300571374,6,6-001,20171212,,SOMERSET PARK APARTMENTS,1911 GOLFVIEW DRIVE,TROY,MI,48084,UNAVAILABLE,MF,1964,2015,,2226,6,1,1,30416667,N,,20150520,227500000,,,,0.9510,20170720,,,,,,,,,,,,,12,20150812,24789740,9759082,15030658,1.8101,227500000,20150520,0.9020,20170905,20161231,28089064,10596996,17492068,8326501,2.1007,0.9560,20151231,25112610,10690834,14421776,8303750,1.7367,0.9632,20150929,15230895,5122122,10108773,4140500,2.4414,20170101,20170630,YN,14719018,1.7725,17180428,2.0633,14110136,1.6992,9952953,2.4038,CMSA,Y,,,,3,,N,,,,,,,,
CGCMT15GC33,300571353,7,7-001,20171212,,GREYLYN BUSINESS PARK,9101-9535 MONROE ROAD,CHARLOTTE,NC,28270,UNAVAILABLE,MU,1965,,648314,0,6,1,1,35455652.22,N,,20150601,47900000,,,,0.9597,20170930,20170930,0.16,0.22,0.16,0.16,0.30,AECOM Technology Corporation,44048,Sweetwater Logistics  LLC,36000,CT Partners II  LLC,31258,12,20150929,5065008,1355506,3709502,1.7129,47900000,20150601,0.8260,20170711,20161231,5623076,1577970,4045106,1753350,2.3070,0.9119,20151231,5234258,1521810,3712448,1748559,2.1231,0.8702,20150929,4430310,1283374,3146936,1375170,2.2883,20170101,20170930,YN,3404795,1.5722,3740399,2.1332,3407741,1.9488,2918406,2.1222,CMSA,N,20210531,20190831,20240228,3,,N,AnitaGoodesignInc.,22075,Stronghaven  Inc ,21965,20210531,20231031,,
CGCMT15GC33,304591008,8,8-001,20171212,,PAVILION JENKINTOWN,261 OLD YORK ROAD,ABINGTON,PA,19046,UNAVAILABLE,MU,1967,2010,359826,0,6,1,1,30058436.15,N,,20150610,47100000,,,,0.8008,20170922,20170622,0.21,0.30,0.12,0.11,0.25,ARUBU  INC  SARAH CA,12500,KALNIN GRAPHICS  INC,12251,PA HEART & VASCULAR,12050,12,20150929,6486175,3139046,3347129,1.8088,47100000,20150610,0.8120,20170202,20161231,6429699,3016855,3412844,1850460,1.8443,0.7875,20151231,6270022,3088664,3181358,1850460,1.7192,0.8415,20150929,4556807,2516204,2040603,1387845,1.4703,20170101,20170930,YN,3007570,1.6253,3073285,1.6608,2841799,1.5357,1785935,1.2868,CMSA,N,20251130,20181231,20180831,3,,N,Department of Corrections,10914,MARKS PANNETH  LLP,8703,20191031,20181130,,
CGCMT15GC33,304101448,9,9-001,20171212,,UNIVERSITY PLACE,1300 EAST MAIN STREET,CARBONDALE,IL,62901,UNAVAILABLE,RT,1974,2010,250159,32,6,1,1,28000000,N,,20150407,37700000,,,,0.9069,20170930,20170930,0.23,0.01,0.05,0.24,0.48,Dick's Sporting Goods,45000,AMC Theatres,31088,Best Buy,30000,12,20150929,3878503,1022477,2856026,1.6934,37700000,20150407,0.9090,20171013,20161231,4053457,1097395,2956062,1258227,2.3493,0.9139,20151231,3529539,1045493,2484046,1254789,1.9796,0.9044,20150929,2656738,766313,1890425,941951,2.0069,20170101,20170930,YN,2555211,1.5150,2655247,2.1103,2183231,1.7399,1664815,1.7674,CMSA,N,20230131,20300831,20180131,3,,N,T J Maxx,24568,Petco,15000,20201130,20210831,,
CGCMT15GC33,304101428,10,10-002,20171212,,PLANTATION ROAD WALMART,4950 PLANTATION ROAD,HOLLIS,VA,24019,UNAVAILABLE,RT,2015,,41839,0,6,0.33333330,0.33333330,8682156.46511760,N,,20150323,11800000,,,,1,20171001,20171001,0,0,0,0,1,Walmart Real Estate,41117,,,,,12,20150929,738340,128632,609708,1.1535,11800000,20150323,1,20170919,20161231,514307,10286,504021,403723,1.2484,1,,,,,,,,20150929,462875,9258,453617,301137,1.5063,20170101,20170930,YN,603432,1.1416,497745,1.2328,,,448910,1.4907,CMSA,N,20350127,,,3,,Y,,,,,,,,
CGCMT15GC33,304101428,10,10-001,20171212,,DALE AVENUE ROANOKE,2141 DALE AVENUE SOUTHEAST,ROANOKE,VA,24013,UNAVAILABLE,RT,2015,,41117,0,6,0.33333330,0.33333330,8682156.46511760,N,,20150323,12500000,,,,1,20171001,20171001,0,0,0,0,1,Walmart Real Estate,41117,,,,,12,20150929,778920,133028,645892,1.1536,12500000,20150323,1,20170919,20161231,544802,10896,533906,428191,1.2468,1,,,,,,,,20150929,490320,9806,480514,319389,1.5044,20170101,20170930,YN,639724,1.1426,527738,1.2324,,,475888,1.4899,CMSA,N,20350127,,,3,,Y,,,,,,,,
CGCMT15GC33,304101428,10,10-003,20171212,,WALMART ORANGE AVENUE,3419 ORANGE AVENUE NORTHEAST,ROANOKE,VA,24012,UNAVAILABLE,RT,2015,,41117,0,6,0.33333330,0.33333330,8682156.46511760,N,,20150323,11500000,,,,1,20171001,20171001,0,0,0,0,1,Walmart Real Estate,41117,,,,,12,20150929,729087,132032,597055,1.1534,11500000,20150323,1,20170919,20161231,453317,9066,444251,391489,1.1347,1,,,,,,,,20150929,453315,9066,444249,292012,1.5213,20170101,20170930,YN,590887,1.1415,438083,1.1190,,,439623,1.5054,CMSA,N,20350127,,,3,,Y,,,,,,,,
CGCMT15GC33,304101440,11,11-003,20171212,,COMPASS SELF STORAGE MADISON HEIGHTS,32000 JOHN R ROAD,MADISON HEIGHTS,MI,48071,UNAVAILABLE,SS,2002,,75125,657,6,0.33333330,0.33333330,6999999.30,N,,20150605,8400000,,,,0.7311,20170331,,,,,,,,,,,,,12,20150929,864805,340852,523953,1.4345,8400000,20150605,0.7350,20171115,20161231,0,0,0,0,0,0.7962,,,,,,,,20150929,0,0,0,0,0,20170101,20170630,YN,512684,1.4036,0,,,,0,,CMSA,N,,,,3,,N,,,,,,,,
CGCMT15GC33,304101440,11,11-002,20171212,,COMPASS SELF STORAGE NOVI,40900 GRAND RIVER AVENUE,NOVI,MI,48375,UNAVAILABLE,SS,2003,,68589,566,6,0.33333330,0.33333330,6999999.30,N,,20150604,9700000,,,,0.7567,20170331,,,,,,,,,,,,,12,20150929,924549,284783,639766,1.4012,9700000,20150604,0.87,20171109,20161231,0,0,0,0,0,0.8188,,,,,,,,20150929,0,0,0,0,0,20170101,20170630,YN,629478,1.3787,0,,,,0,,CMSA,N,,,,3,,N,,,,,,,,
CGCMT15GC33,304101440,11,11-001,20171212,,COMPASS SELF STORAGE ROCHESTER HILLS,160 WEST AVON ROAD,ROCHESTER HILLS,MI,48307,UNAVAILABLE,SS,2005,,64868,656,6,0.33333330,0.33333330,6999999.30,N,,20150605,10100000,,,,0.7698,20170331,,,,,,,,,,,,,12,20150929,972212,309870,662342,1.4507,10100000,20150605,0.9420,20171115,20161231,3050030,976789,2073241,962885,2.1531,0.8095,,,,,,,,20150929,1464371,466200,998171,478812,2.0846,20170101,20170630,YN,652612,1.4294,2041954,2.1206,,,982528,2.0520,CMSA,N,,,,3,,N,,,,,,,,
CGCMT15GC33,304591012,12,12-001,20171212,,MIX AT MIDTOWN,3201 LOUISIANA STREET,HOUSTON,TX,77006,UNAVAILABLE,RT,1970,,72901,0,6,1,1,18777956.15,N,,20150713,28520000,,,,1,20170630,20170930,0.02,0,0.08,0.12,0.78,24 Hour Fitness,49000,Artisans Restaurant,7640,Piola Pizzeria,3094,12,20150929,2665498,863634,1801864,1.5525,28520000,20150713,1,20170207,20161231,2855491,806808,2048683,1160611,1.7651,1,20151231,2902260,913648,1988612,1160611,1.7134,0.9583,20150929,1306738.99,409342.78,897396.21,580304.79,1.5464,20170101,20170630,YN,1718028,1.4802,1964847,1.6929,1904776,1.6411,855478.21,1.4741,CMSA,N,20230630,20210504,20200606,3,,N,Jinya Ramen,2842,Urban Oasis Day Spa,2018,20240508,20191031,,
CGCMT15GC33,304101438,13,13-009,20171212,,"RED DOT 1 - ROCKFORD  IL",5750 SANDY HOLLOW ROAD,ROCKFORD,IL,61109,UNAVAILABLE,SS,1992,,25410,167,6,0.11111110,0.11111110,1777777.60,N,,20150603,1000000,,,,0.8889,20170930,,,,,,,,,,,,,12,20150929,124366,63050,61316,1.3351,1000000,20150603,0.9080,20170728,20161231,147660,60788,86872,34770,2.4984,0.9042,20151231,142593,68327,74266,34675,2.1417,0.8443,20150929,162298,70191,92107,34675,2.6562,20161001,20170930,TN,58775,1.2798,84331,2.4253,71725,2.0684,89566,2.5830,CMSA,Y,,,,3,,N,,,,,,,,
CGCMT15GC33,304101438,13,13-008,20171212,,"RED DOT 2 - MACHESNEY PARK  IL",1243 SHAPPERT DRIVE,MACHESNEY PARK,IL,61115,UNAVAILABLE,SS,2006,,31500,180,6,0.11111110,0.11111110,1777777.60,N,,20150603,1090000,,,,0.9235,20170930,,,,,,,,,,,,,12,20150929,131311,63001,68310,1.3646,1090000,20150603,0.8710,20170728,20161231,162815,69028,93787,37900,2.4745,0.9778,20151231,151240,59704,91536,37796,2.4218,0.8833,20150929,175365,73938,101427,37796,2.6835,20161001,20170930,TN,65160,1.3017,90637,2.3914,88386,2.3385,98277,2.6001,CMSA,N,,,,3,,N,,,,,,,,
CGCMT15GC33,304101438,13,13-006,20171212,,"RED DOT 3 - YORKVILLE  IL",204 WOLF STREET,YORKVILLE,IL,60560,UNAVAILABLE,SS,1995,,30000,194,6,0.11111110,0.11111110,1777777.60,N,,20150603,2070000,,,,0.7268,20170930,,,,,,,,,,,,,12,20150929,213074,72417,140657,1.4940,2070000,20150603,0.93,20170516,20161231,228711,88169,140542,71278,1.9717,0.8660,20151231,216417,71532,144885,71084,2.0382,0.8299,20150929,226306,90335,135971,71084,1.9128,20161001,20170930,TN,137657,1.4622,137542,1.9296,141885,1.9960,132971,1.8706,CMSA,N,,,,3,,N,,,,,,,,
CGCMT15GC33,304101438,13,13-007,20171212,,"RED DOT 5 - JANESVILLE  WI",1900 ALDEN ROAD,JANESVILLE,WI,53545,UNAVAILABLE,SS,1986,,45875,237,6,0.11111110,0.11111110,1777777.60,N,,20150603,1740000,,,,0.9671,20170930,,,,,,,,,,,,,12,20150929,200316,91290,109026,1.3644,1740000,20150603,0.9390,20170302,20161231,233484,97514,135970,60500,2.2474,0.9958,20151231,217789,96007,121782,60335,2.0184,0.9747,20150929,266162,104512,161650,60334,2.6792,20161001,20170930,TN,104438,1.3070,131382,2.1716,117194,1.9423,157062,2.6032,CMSA,N,,,,3,,N,,,,,,,,
CGCMT15GC33,304101438,13,13-001,20171212,,"RED DOT 6 - WOODSTOCK  IL",2105 SOUTH EASTWOOD DRIVE,WOODSTOCK,IL,60098,UNAVAILABLE,SS,1999,,47650,332,6,0.11111110,0.11111110,1777777.60,N,,20150603,4160000,,,,0.9435,20170930,,,,,,,,,,,,,12,20150929,394480,145201,249279,1.4074,4160000,20150603,0.9110,20170724,20161231,474319,156307,318012,134096,2.3715,0.8705,20151231,454357,146313,308044,133730,2.3034,0.9187,20150929,505224,159290,345934,133730,2.5868,20161001,20170930,TN,244514,1.3805,313247,2.3359,303279,2.2678,341169,2.5511,CMSA,N,,,,3,,N,,,,,,,,
CGCMT15GC33,304101438,13,13-002,20171212,,"RED DOT 7 - OSWEGO  IL",1960 WIESBROOK ROAD,OSWEGO,IL,60543,UNAVAILABLE,SS,2001,,60750,421,6,0.11111110,0.11111110,1777777.60,N,,20150603,3300000,,,,0.8608,20170930,,,,,,,,,,,,,12,20150929,355046,143760,211286,1.3942,3300000,20150603,0.9280,20170516,20161231,448170,147444,300726,114741,2.6209,0.8789,20151231,414435,131936,282499,114428,2.4687,0.9169,20150929,470960,149228,321732,114428,2.8116,20161001,20170930,TN,205211,1.3541,294651,2.5679,276424,2.4157,315657,2.7585,CMSA,N,,,,3,,N,,,,,,,,
CGCMT15GC33,304101438,13,13-005,20171212,,"RED DOT 10 - GENOA CITY  WI",180 ELIZABETH LANE,GENOA CITY,WI,53128,UNAVAILABLE,SS,2002,,55780,281,6,0.11111110,0.11111110,1777777.60,N,,20150603,2260000,,,,0.8873,20170930,,,,,,,,,,,,,12,20150929,255367,94103,161264,1.5538,2260000,20150603,0.9460,20170724,20161231,308248,106901,201347,78581,2.5622,0.9075,20151231,281608,93138,188470,78366,2.4049,0.9288,20150929,320202,112033,208169,78365,2.6564,20161001,20170930,TN,155686,1.50,195769,2.4913,182892,2.3338,202591,2.5852,CMSA,N,,,,3,,N,,,,,,,,
CGCMT15GC33,304101438,13,13-004,20171212,,"RED DOT 11 - ZION  IL",3305 16TH STREET,ZION,IL,60099,UNAVAILABLE,SS,2002,,41500,409,6,0.11111110,0.11111110,1777777.60,N,,20150603,3180000,,,,0.8374,20170930,,,,,,,,,,,,,12,20150929,321925,151939,169986,1.2912,3180000,20150603,0.87,20170724,20161231,401483,127132,274351,99674,2.7524,0.8289,20151231,399072,138978,260094,99402,2.6165,0.8411,20150929,417578,131892,285686,99402,2.8740,20161001,20170930,TN,165836,1.2597,270201,2.7108,255944,2.5748,281536,2.8322,CMSA,N,,,,3,,N,,,,,,,,
CGCMT15GC33,304101438,13,13-003,20171212,,"RED DOT 12 - PEORIA  IL",8101 NORTH HALE AVENUE,PEORIA,IL,61615,UNAVAILABLE,SS,1977,,74120,625,6,0.11111110,0.11111110,1777777.60,N,,20150530,3170000,,,,0.7443,20170930,,,,,,,,,,,,,12,20150929,413584,164409,249175,1.7116,3170000,20150530,0.8830,20170612,20161231,481241,158556,322685,110221,2.9276,0.7712,20151231,476704,132339,344365,109920,3.1328,0.8096,20150929,479528,169171,310357,109920,2.8234,20161001,20170930,TN,241763,1.6607,315273,2.8603,336953,3.0654,302945,2.7560,CMSA,N,,,,3,,N,,,,,,,,
CGCMT15GC33,304591014,14,14-001,20171212,,STADIUM PLAZA,2001 WEST WORLEY STREET,COLUMBIA,MO,65203,UNAVAILABLE,RT,1969,2004,127458,0,6,1,1,14961905.20,N,,20150626,20650000,,,,1,20171001,20171001,0,0.52,0.35,0.02,0.11,Hobby Lobby,63024,Best Buy,45000,Texas Roadhouse,11550,12,20150929,1771237,333147,1438090,1.4651,20650000,20150626,0.9840,20170501,20161231,1927618,351675,1575943,981507,1.6056,1,20151231,1812517,454333,1358184,981507,1.3837,1,20150929,1492514,264403,1228111,736130,1.6683,20170101,20170930,YN,1358579,1.3841,1496432,1.5246,1278673,1.3027,1168478,1.5873,CMSA,N,20190831,20200731,20260814,3,,N,Sally Beauty,2000,Radioshack,2000,20190228,20210131,,
CGCMT15GC33,304101450,15,15-001,20171212,,HOLIDAY INN EXPRESS WEST ROAD,9120 WEST ROAD,HOUSTON,TX,77064,UNAVAILABLE,LO,2010,,,87,6,0.50,0.50,6759215.63,N,,20150519,13300000,,,,0.6309,20170930,,,,,,,,,,,,,12,20150929,2834805,1762931,1071874,2.0238,13300000,20150519,0.6890,20170913,20161231,2271679,1712308,559371,529624,1.0561,0.5994,20151231,2619581,1840778,778803,529624,1.4704,0.6256,20150929,2444646,1636697,807949,529624,1.5255,20161001,20170930,TN,958482,1.8097,445979,0.8420,665411,1.2563,694557,1.3114,CMSA,N,,,,3,,N,,,,,,,,
CGCMT15GC33,304101450,15,15-002,20171212,,HAMPTON INN PORT ARTHUR,7660 MEMORIAL BOULEVARD,PORT ARTHUR,TX,77642,UNAVAILABLE,LO,2007,2014,,72,6,0.50,0.50,6759215.63,N,,20150519,8400000,,,,0.7413,20170930,,,,,,,,,,,,,12,20150929,2323787,1581000,742787,2.1674,8400000,20150519,0.7480,20170714,20161231,2416457,1683311,733146,342698,2.1393,0.7249,20151231,2462742,1672400,790342,342698,2.3062,0.7627,20150929,2782322,1741998,1040324,342698,3.0356,20161001,20170930,TN,649836,1.8962,640195,1.8681,697391,2.0350,947373,2.7644,CMSA,N,,,,3,,N,,,,,,,,
CGCMT15GC33,300571367,16,16-001,20171212,,COURTYARD AT CEDAR HILLS,13643 SOUTHWEST ELECTRIC STREET,BEAVERTON,OR,97005,UNAVAILABLE,MF,1969,,,145,6,1,1,13000000,N,,20150624,20000000,,,,0.9310,20170930,,,,,,,,,,,,,12,20150929,1747558,672171,1075387,1.7621,20000000,20150624,0.9860,20171009,20161231,1944786.98,700791.88,1243995.10,611932.67,2.0328,0.9103,,,,,,,,20150929,1547056,520569,1026487,458113,2.2406,20170101,20170930,YN,1036237,1.6980,1204845.10,1.9689,,,997125,2.1765,CMSA,N,,,,3,,N,,,,,,,,
CGCMT15GC33,304591017,17,17-001,20171212,,PECKHAM SQUARE,"3650  3750 AND 3800 KIETZKE LANE",RENO,NV,89502,UNAVAILABLE,RT,1974,1990,133318,0,6,1,1,12383830.20,N,,20150707,16800000,,,,0.9632,20170630,20170630,0,0.17,0.24,0.28,0.32,Deb Wat Grocery Outlet  Inc.,27300,Mike Davis Sheri Blankinship Savers  Inc.,25600,Nancy  Baker Jo-Ann Stores  Inc.,24700,12,20150929,1698154,333807,1364347,1.8589,16800000,20150707,0.9630,20170307,20161231,1793990,298966,1495024,536488,2.7866,0.9632,20151231,1656582,317653,1338929,733953,1.8242,0.9632,20150929,863012.76,178948.83,684063.93,266778.25,2.5641,20170101,20170630,YN,1211858,1.6511,1342535,2.5024,1186440,1.6165,607820.93,2.2783,CMSA,N,20200613,20251130,20201231,3,,N,Mia Espinoza Harbor Freight Tools,16426,Patricia Walker Anna Grams Dollar Tree Store,12015,20190531,20220809,,
CGCMT15GC33,304591018,18,18-001,20171212,,MASON TOWN HOUSE,301-365 DEERPATH LANE,DEKALB,IL,60115,UNAVAILABLE,MF,2005,,,65,6,0.50,0.50,5850000,N,,20150327,11100000,,,,0.9846,20170630,,,,,,,,,,,,,,20150929,1224577,529211,695366,1.3115,11100000,20150327,0.9850,20170425,,,,,,,,20151231,1198938,611513,587425,412696,1.4233,1,20150929,573605,257160,316445,206229,1.5344,20170101,20170630,YN,679116,1.2808,,,571175,1.3840,308320,1.4950,CMSA,N,,,,3,,N,,,,,,,,
CGCMT15GC33,304591018,18,18-002,20171212,,PARK VIEW BUSINESS CENTER,1500 SYCAMORE ROAD,DEKALB,IL,60115,UNAVAILABLE,RT,1972,,44081,0,6,0.50,0.50,5850000,N,,20150325,4500000,,,,0.8661,20170630,20161231,0.34,0.16,0.19,0.06,0.25,Mason Properties,8800,Communications Services,7342,Andy Ahmetti/Pancake ho,3000,,20150929,526011,163345,362666,1.6872,4500000,20150325,0.9080,20170425,,,,,,,,20151231,499023,184053,314970,168566,1.8685,0.9031,20150929,300411,70791,229620,83606,2.7464,20170101,20170630,YN,326055,1.5169,,,278359,1.6513,211314,2.5274,CMSA,N,20170930,20210321,20191208,3,,N,Secretary of State,2640,ILL DEPT OF CENTRAL MGM,2307,20170630,20181214,,
CGCMT15GC33,304591019,19,19-001,20171212,,DOVER MARKETPLACE,2130 PALOMINO ROAD,DOVER,PA,17315,UNAVAILABLE,RT,2001,,61044,0,6,1,1,11250000,N,,20150525,15000000,,,,0.9803,20171020,20171020,0.06,0.04,0,0.79,0.11,Gaints Foods,44744,M&T Bank,3100,Advantage Physical Therapy,2400,12,20150929,1378039,338619,1039420,1.5111,15000000,20150525,1,20170329,20161231,1412466,280025,1132441,520120,2.1772,1,20151231,1348442,350551,997891,518699,1.9238,1,20150929,1026233,210930,815303,389380,2.0938,20170101,20170930,YN,993758,1.4447,1086779,2.0894,952229,1.8358,781058,2.0059,CMSA,N,20210930,20211031,20190131,3,,N,Giant Gas,2400,Edward Jones  Branch #1947,1200,20210930,20171130,,
CGCMT15GC33,304591020,20,20-001,20171212,,LANIER CROSSING SHOPPING CENTER,655 ATLANTA ROAD,CUMMING,GA,30040,UNAVAILABLE,RT,1989,,110002,0,6,1,1,10836393.12,N,,20150701,15900000,,,,0.92,20170930,20170930,0.04,0.01,0.67,0.05,0.24,Hobby Lobby,54154,Ichiban Buffet Cumming  Inc.,7850,Aaron Brothers  Inc.,7000,12,20150929,1404078,363799,1040279,1.4402,15900000,20150701,0.9310,20170308,20161231,1389812,358058,1031754,722310,1.4284,0.9847,20151231,1334160,347288,986872,722310,1.3662,0.9727,20150929,1007719,304690,703029,541732,1.2977,20170101,20170930,YN,957778,1.3259,949253,1.3141,904371,1.2520,641154,1.1835,CMSA,N,20200531,20300831,20200430,3,,N,Kapow Comics,6000,Jalapeno Mexican Bar  Inc.,3955,20240430,20211231,,
CGCMT15GC33,300571342,21,21-001,20171212,,WATERWAY SHOPPES II,2310-2410 WESTON ROAD,WESTON,FL,33326,UNAVAILABLE,RT,2003,,31357,0,6,1,1,11000000,N,,20150501,15250000,,,,1,20171019,20171019,0.10,0.15,0.17,0.30,0.26,Northwestern Management Services Company,3589,MITCH'S WESTSIDE BAGELS,3475,WATERMARK REALTY,3198,12,20150929,1517812,441822,1075990,1.5771,15250000,20150501,1,20171010,20161231,1511810,425763,1086047,522262,2.0795,1,20151231,1337917,477385,860532,520835,1.6522,1,20150929,1280954,356948,924006,390983,2.3632,20170101,20170930,YN,1003003,1.4701,1013060,1.9397,787545,1.5120,869266,2.2232,CMSA,N,20210510,20201201,20200731,3,,N,ABRAZADOS LLC d/b/a La Rural,3038,ACQUOLINA  INC.,2981,20221031,20221206,,
CGCMT15GC33,304591022,22,22-001,20171212,,AVENUE DISTRICT APARTMENTS,1211 SAINT CLAIR AVENUE NORTHEAST,CLEVELAND,OH,44114,UNAVAILABLE,MF,2009,2012,,59,6,1,1,10600000,N,,20150526,16750000,,,,0.9322,20170930,,,,,,,,,,,,,12,20150929,1687187,732293,954894,1.5175,16750000,20150526,0.9660,20170316,20161231,1823403,539999,1283404,463073,2.7714,0.9322,20151231,1686326,765724,920602,461808,1.9934,0.9661,20150929,1226226,382342,843884,346672,2.4342,20170101,20170930,YN,940144,1.4940,1268654,2.7396,905852,1.9615,832822,2.4023,CMSA,N,,,,2,,N,,,,,,,,
CGCMT15GC33,304591023,23,23-001,20171212,,517 KIRKWOOD AVENUE,517 EAST KIRKWOOD AVENUE,BLOOMINGTON,IN,47408,UNAVAILABLE,MU,1929,2007,20924,0,6,0.33333330,0.33333330,3448666.3218,N,,20150707,7000000,,,,1,20170701,20170930,0,0.14,0,0.11,0.75,The Trustees of IN University,15662,Noodles & CO,2989,POTBELLY SANDWICH WORKS  LLC,2273,,20150929,554490,73390,481100,1.5360,7000000,20150707,1,20170316,,,,,,,,,,,,,,,20150929,245563,57490,188073,122044,1.5410,20170101,20170630,YN,467499,1.4926,,,,,181273,1.4853,CMSA,N,20270831,20190331,20210831,3,,N,,,,,,,,
CGCMT15GC33,304591023,23,23-002,20171212,,501 EAST GREEN STREET,501 EAST GREEN STREET,CHAMPAIGN,IL,61820,UNAVAILABLE,RT,2005,,4719,0,6,0.33333330,0.33333330,3448666.3218,N,,20150710,4000000,,,,1,20170701,20170930,0,0,0,0,1,POTBELLY SANDWICH WORKS  LLC,2464,Starbuck's Coffee,2247,,,,20150929,266613,129475,137138,0.7662,4000000,20150710,1,20170314,,,,,,,,,,,,,,,20150929,114167,49983,64184,69740,0.9203,20170101,20170630,YN,134070,0.7490,,,,,62650,0.8983,CMSA,N,20250531,20250731,,3,,N,,,,,,,,
CGCMT15GC33,304591023,23,23-003,20171212,,1801 WEST TENNESSEE STREET,1801 WEST TENNESSEE STREET,TALLAHASSEE,FL,32304,UNAVAILABLE,RT,1995,2010,7500,0,6,0.33333330,0.33333330,3448666.3218,N,,20150702,3760000,,,,0.7760,20170331,20170930,0.22,0,0,0.78,0,Chipotle Mexican Grill  Inc.,2538,Tallhassee Yogurt Investors,1681,EDR,1680,,20150929,358046,112642,245404,1.4586,3760000,20150702,1,20170309,,,,,,,,,,,,,,,20150929,191506,95976,95530,65555,1.4572,20170101,20170630,YN,240529,1.4297,,,,,93093,1.42,CMSA,N,20201231,20210814,20171231,3,,N,K&A Subs I LLC,1600,,,20201231,,,
CGCMT15GC33,300571360,24,24-001,20171212,,CARROLLWOOD VILLAGE SHOPPES,12904-13050 NORTH DALE MABRY HIGHWAY,TAMPA,FL,33618,UNAVAILABLE,RT,1984,2007,45353,19,6,1,1,10275000,N,,20150504,13750000,,,,0.8994,20170630,20170630,0.24,0.41,0.10,0,0.25,Brinker Florida Inc dba Chills Grill and Bar,6562,Three R Corporation,5300,Empress Tea Room and,3031,12,20150929,1358660,404494,954166,1.4715,13750000,20150504,0.9730,20171017,20161231,1106808,431861,674947,503509,1.3404,0.8982,,,,,,,,20150929,579737,253715,326022,250379,1.3021,20170101,20170630,YN,887309,1.3684,608090,1.2077,,,292594,1.1686,CMSA,N,20190131,20190531,20170731,3,,N,Anthony's Coal Fired Pizza,3000,Maloneys Carrollwood,2855,20190228,20200430,,
CGCMT15GC33,301461021,25,25-001,20171212,,PLAZA EL TORO,"23330-23384  23402 EL TORO ROAD AND 24842-24882 MUIRLANDS BOULEVARD",LAKE FOREST,CA,92630,UNAVAILABLE,RT,1973,2002,53293,0,6,1,1,9951737.50,N,,20150604,15400000,,,,0.9737,20170930,20170930,0.11,0.08,0.29,0.05,0.47,CVS,23800,Ride Our Planet,4320,TULA MARKET,3428,12,20150929,1219193,306995,912198,1.4623,15400000,20150604,1,20170711,20161231,1184873,342090,842783,479867,1.7562,0.9737,20151231,1164522,271614,892908,478550,1.8658,0.9737,20150929,930961,226869,704092,370584,1.8999,20170101,20170930,YN,851422,1.3648,782007,1.6296,832132,1.7388,658511,1.7769,CMSA,Y,20211231,20200531,20200531,3,,N,Boscoes,2800,Carl's Jr Restaurant,2722,20191130,20190228,,
CGCMT15GC33,304591026,26,26-001,20171212,,BARCLAY VILLAGE,775 CASCADE STREET,OREGON CITY,OR,97045,UNAVAILABLE,MF,1987,,,146,6,1,1,9800000,N,,20150611,16800000,,,,0.9658,20170630,,,,,,,,,,,,,12,20150929,1662615,690068,972547,2.1998,16800000,20150611,0.9930,20170621,20161231,1951507.86,740784.96,1210722.90,443319,2.7310,0.9863,20151231,1726416,676422,1049994,442107,2.3749,0.9795,20150929,1057769.30,374935.99,682833.31,220448,3.0974,20170101,20170630,YN,921301,2.0838,1159476.90,2.6154,998748,2.2590,657210.31,2.9812,CMSA,Y,,,,3,,N,,,,,,,,
CGCMT15GC33,300571389,27,27-001,20171212,,HYATT PLANTATION,8530 WEST BROWARD BOULEVARD,PLANTATION,FL,33324,UNAVAILABLE,LO,1997,2007,,126,6,1,1,9168623.24,N,,20150519,14600000,,,,0.7602,20170930,,,,,,,,,,,,,12,20150929,4510481,3195700,1314781,2.1652,14600000,20150519,0.8160,20170922,20161231,4264462,3203863,1060599,607217,1.7466,0.7317,20151231,4702346,3173488,1528858,607217,2.5178,0.8469,20150929,3342114,2556217,785897,455412,1.7256,20170101,20170930,YN,1134362,1.8681,880180,1.4495,1348439,2.2206,650583,1.4285,CMSA,N,,,,3,,N,,,,,,,,
CGCMT15GC33,304591028,28,28-001,20171212,,HILTON GARDEN INN DEL MAR,3939 OCEAN BLUFF AVENUE,SAN DIEGO,CA,92130,UNAVAILABLE,LO,2008,2014,,80,6,1,1,9214022.35,N,,20150615,16500000,,,,0.8950,20170630,,,,,,,,,,,,,12,20150929,4677855,3511522,1166333,2.0899,16500000,20150615,0.8350,20170131,20161231,5395647,4014129,1381518,416981,3.3131,0.8730,20151231,4983388,3646961,1336427,415841,3.2137,0.8730,20150929,2672923,1975801,697122,207351,3.3620,20170101,20170630,YN,979219,1.7546,1194404,2.8644,1149313,2.7638,603565,2.9108,CMSA,N,,,,3,,N,,,,,,,,
CGCMT15GC33,300571382,29,29-001,20171212,,RIVERWALK CENTER,150 SOUTH US HIGHWAY 1,JUPITER,FL,33477,UNAVAILABLE,OF,2003,2013,35324,0,6,1,1,9100000,N,,20150527,12500000,,,,1,20170930,20170930,0,0,0,0,1,GENSPRING HOLDINGS  INC,35324,,,,,12,20150929,1257661,418578,839083,1.4764,12500000,20150527,1,20170818,20161231,1162689,408987,753702,437604,1.7223,1,,,,,,,,20150929,906661,313832,592829,327605,1.8095,20170101,20170930,YN,798460,1.4049,713079,1.6295,,,562363,1.7165,CMSA,N,20220331,,,3,,Y,,,,,,,,
CGCMT15GC33,304101437,30,30-001,20171212,,PREMIERE BUILDING,1250 EAST HALLANDALE BEACH BOULEVARD,HALLANDALE BEACH,FL,33009,UNAVAILABLE,OF,1973,,111883,0,6,1,1,9000000,N,,20150504,17400000,,,,0.9170,20170930,20170930,0.50,0.30,0.07,0.05,0.08,PREMIER HEALTH & FITNESS,12800,GLOBAL CAPITAL LLC,9933,LANDAU & ASSOCIATES PA,9639,12,20150929,2309660,1134723,1174937,3.0154,17400000,20150504,0.9290,20170929,20161231,2423153,1161589,1261564,390705,3.2289,0.9352,20151231,2330387,1208048,1122339,389637,2.8804,0.9464,20150929,1869432,873869,995563,292495,3.4036,20170101,20170930,YN,1035197,2.6568,1121824,2.8712,982599,2.5218,890759,3.0453,CMSA,N,20180531,20190930,20180930,3,,N,PHONETIME NETWORK  Inc,6550,HALLANDALE ACADEMY,6500,20190531,20270131,,
CGCMT15GC33,304101435,31,31-002,20171212,,PARK 100,5802 WEST 71ST STREET,INDIANAPOLIS,IN,46278,UNAVAILABLE,LO,1999,2014,,94,6,0.50,0.50,4477521.90,N,,20150608,4900000,,,,,,,,,,,,,,,,,,12,20150929,1957544,1431133,526411,2.6813,4900000,20150608,0.7520,20171027,20161231,2195252,1448201,747051,149877,4.9844,0.8267,,,,,,,,20150929,,,,,,,,,448109,2.2825,668749,4.4619,,,,,CMSA,N,,,,3,,N,,,,,,,,
CGCMT15GC33,304101435,31,31-001,20171212,,KEYSTONE,8468 UNION CHAPEL ROAD,INDIANAPOLIS,IN,46240,UNAVAILABLE,LO,1999,2014,,82,6,0.50,0.50,4477521.90,N,,20150608,8500000,,,,,,,,,,,,,,,,,,12,20150929,2330810,1422954,907856,2.5637,8500000,20150608,0.8150,20171030,20161231,2584279,1488986,1095293,266448,4.1107,0.8266,,,,,,,,20150929,,,,,,,,,814624,2.3004,1002061,3.7608,,,,,CMSA,N,,,,3,,N,,,,,,,,
CGCMT15GC33,304101442,32,32-001,20171212,,COMFORT INN - NEWPORT KENTUCKY,420 RIVERBOAT ROW,NEWPORT,KY,41071,UNAVAILABLE,LO,1997,2012,,124,6,1,1,8120441.43,N,,20150420,14700000,,,,0.6309,20170930,,,,,,,,,,,,,12,20150929,3256221,1976482,1279739,2.5994,14700000,20150420,0.6250,20170505,20161231,3555246,2103473,1451773,405438,3.5807,0.6260,20151231,3303089,2024055,1279034,361015,3.5428,0.5947,20150929,2643763,1705076,938687,369230,2.5422,20170101,20170930,YN,1149490,2.3349,1321524,3.2594,1148785,3.1820,841001,2.2777,CMSA,N,,,,3,,N,,,,,,,,
CGCMT15GC33,304591033,33,33-001,20171212,,ANDERSON OAKS,9219 ANDERSON MILL ROAD,AUSTIN,TX,78729,UNAVAILABLE,MF,1983,2014,,136,6,1,1,8168275.51,N,,20150724,11840000,,,,0.8971,20171121,,,,,,,,,,,,,12,20150929,1327670,610079,717591,1.4457,11840000,20150724,0.9410,20170313,20161231,1320982,691375,629607,371940,1.6927,0.8750,,,,,,,,20150929,996971,509041,487930,278447,1.7523,20170101,20170930,YN,677916,1.3658,589932,1.5860,,,458174,1.6454,CMSA,N,,,,3,,N,,,,,,,,
CGCMT15GC33,304101453,34,34-001,20171212,,EASY STOP STORAGE - ODESSA LOOP,4500 NORTH EAST LOOP 338,ODESSA,TX,79762,UNAVAILABLE,SS,1997,2007,74679,331,6,0.33333330,0.33333330,2642330.8491002220,N,,20150528,5950000,,,,0.7311,20170930,,,,,,,,,,,,,12,20150929,608473,242719,365754,1.4039,5950000,20150528,0.8350,20170928,20161231,543961,177823,366138,260520,1.4054,0.6647,20151231,602555,253534,349021,260520,1.3397,0.7251,20150929,418046,151524,266522,195390,1.3640,20170101,20170930,YN,353805,1.3580,354189,1.3595,337072,1.2938,257561,1.3181,CMSA,N,,,,3,,N,,,,,,,,
CGCMT15GC33,304101453,34,34-002,20171212,,EASY STOP STORAGE - MIDLAND LOOP,3806 WEST LOOP 250 NORTH,MIDLAND,TX,79707,UNAVAILABLE,SS,2002,2011,58832,195,6,0.33333330,0.33333330,2642330.8491002220,N,,20150528,4900000,,,,0.8821,20170930,,,,,,,,,,,,,12,20150929,461994,177670,284324,1.3768,4900000,20150528,0.8560,20170824,20161231,397500,110774,286726,206510,1.3884,0.7333,20151231,446122,172130,273992,206510,1.3267,0.8256,20150929,336727,103035,233692,154881,1.5088,20170101,20170930,YN,274911,1.3312,277313,1.3428,264579,1.2811,226633,1.4632,CMSA,N,,,,3,,N,,,,,,,,
CGCMT15GC33,304101453,34,34-003,20171212,,EASY STOP STORAGE - MIDLAND INDUSTRIAL,3105 WEST INDUSTRIAL AVE,MIDLAND,TX,79701,UNAVAILABLE,SS,1980,,32241,111,6,0.33333330,0.33333330,2642330.8491002220,N,,20150528,1140000,,,,0.5946,20170930,,,,,,,,,,,,,12,20150929,152333,95172,57161,1.0583,1140000,20150528,0.75,20170912,20161231,125766,59306,66460,54010,1.2305,0.6126,20151231,141733,97560,44173,54010,0.8178,0.6396,20150929,96151,46113,50038,40506,1.2353,20170101,20170930,YN,52003,0.9628,61302,1.1350,39015,0.7223,46170,1.1398,CMSA,Y,,,,3,,N,,,,,,,,
CGCMT15GC33,304591035,35,35-001,20171212,,SCOTTS EDGE APARTMENTS,3408 WEST MOORE STREET,RICHMOND,VA,23230,UNAVAILABLE,MF,1934,2014,,94,6,1,1,8150000,N,,20150709,11200000,,,,1,20170331,,,,,,,,,,,,,12,20150929,1151440,465089,686351,1.3547,11200000,20150709,0.9790,20170823,20161231,1221893,442246,779647,387544,2.0117,1,20151231,1014114,379169,634945,387544,1.6383,0.9894,20150929,312461,98281,214180,95559,2.2413,20170101,20170331,YN,672251,1.3268,765547,1.9753,620845,1.6019,210655,2.2044,CMSA,N,,,,3,,N,,,,,,,,
CGCMT15GC33,304101451,36,36-003,20171212,,CVS PLANO,1501 INDEPENDENCE PARKWAY,PLANO,TX,75075,UNAVAILABLE,RT,1996,,10880,0,6,0.33333330,0.33333330,2540755.3192577760,N,,20150710,2600000,,,,1,20170930,20170930,0,0,0,0,1,CVS,10880,,,,,12,20150929,176212,12023,164189,1.3821,2600000,20150710,1,20171019,20161231,184018,8341,175677,118794,1.4788,1,20151231,180200,6507,173693,118794,1.4621,1,20150929,151050,7300,143750,89096,1.6134,20170101,20170930,YN,154446,1.3001,165934,1.3968,163950,1.3801,136443,1.5314,CMSA,N,20211026,,,3,,Y,,,,,,,,
CGCMT15GC33,304101451,36,36-002,20171212,,CVS PARIS,3710 LAMAR AVENUE,PARIS,TX,75462,UNAVAILABLE,RT,1999,,12738,0,6,0.33333330,0.33333330,2540755.3192577760,N,,20150712,4100000,,,,1,20170930,20170930,0,1,0,0,0,CVS,12738,,,,,12,20150929,279324,11195,268129,1.4313,4100000,20150712,1,20170620,20161231,285646,10835,274811,187329,1.4669,1,20151231,285646,11780,273866,187329,1.4619,1,20150929,214234,7046,207188,140497,1.4746,20170101,20170930,YN,254807,1.3602,261489,1.3958,260544,1.3908,197197,1.4035,CMSA,N,20190413,,,3,,Y,,,,,,,,
CGCMT15GC33,304101451,36,36-001,20171212,,CVS BRANDON,112 STRIBLING LANE,BRANDON,MS,39042,UNAVAILABLE,RT,2003,,13813,0,6,0.33333330,0.33333330,2540755.3192577760,N,,20150709,5400000,,,,1,20170930,20170930,0,0,0,0,1,CVS,13813,,,,,12,20150929,344079,21226,322853,1.3085,5400000,20150709,1,20170927,20161231,362188,24747,337441,246726,1.3676,1,20151231,362188,20559,341629,246726,1.3846,1,20150929,271641,8832,262809,185045,1.4202,20170101,20170930,YN,307062,1.2445,321650,1.3036,325838,1.3206,250966,1.3562,CMSA,N,20230820,,,3,,Y,,,,,,,,
CGCMT15GC33,301461022,37,37-001,20171212,,WESTGATE PLAZA,3724-3758 LA SIERRA AVE AND 11130-11170 MAGNOLIA AVE,RIVERSIDE,CA,92505,UNAVAILABLE,RT,1984,2002,65994,0,6,1,1,7662837.85,Y,,20150604,14240000,,,,0.6751,20170930,20170930,0.24,0.03,0.12,0.16,0.45,99c Only Store,13500,Arrowhead Central Cre,6037,Newport Dental,4500,12,20150929,1345796,557657,788139,1.6408,14240000,20150604,0.9350,20170829,20161231,1354099,519220,834879,369497,2.2595,0.9541,20151231,1169513,625970,543543,368488,1.4750,0.9355,20150929,927332,393580,533752,285350,1.8705,20170101,20170930,YN,727351,1.5142,774091,2.0949,482755,1.31,488163,1.7107,CMSA,N,20260131,20200930,20180430,3,,N,Peking Chinese Restaur,2396,El Pollo Loco,2100,20200131,20250131,,
CGCMT15GC33,304101430,38,38-001,20171212,,RESIDENCE INN SOUTHERN PINES,105 BRUCEWOOD ROAD,SOUTHERN PINES,NC,28387,UNAVAILABLE,LO,1996,2012,,80,6,1,1,7078745.09,N,,20150619,11000000,,,,0.7745,20170930,,,,,,,,,,,,,12,20150929,2468043,1540859,927184,2.0674,11000000,20150619,0.7460,20170718,20161231,2630975,1630747,1000228,448470,2.2303,0.7667,20151231,2501594,1625007,876587,448470,1.9546,0.7351,20150929,2083188,1184140,899048,336352,2.6729,20170101,20170930,YN,828462,1.8473,901506,2.0101,777865,1.7344,825007,2.4528,CMSA,N,,,,3,,N,,,,,,,,
CGCMT15GC33,304591039,39,39-001,20171212,,IMPERIAL LANDING APARTMENTS,16001 COTILLION DRIVE,HOUSTON,TX,77060,UNAVAILABLE,MF,1981,2015,,264,6,1,1,7273250.76,N,,20150625,9950000,,,,0.9773,20170630,,,,,,,,,,,,,12,20150629,1935649,1244978,690671,1.5131,9950000,20150625,0.97,20170602,20161231,2097751,1114830,982921,351787,2.7940,0.9849,20151231,1940699,1096468,844231,350826,2.4064,0.9848,20150929,1178435,657457,520978,174932,2.9781,20170101,20170630,YN,624671,1.3685,916921,2.6064,778231,2.2182,487978,2.7895,CMSA,N,,,,3,,N,,,,,,,,
CGCMT15GC33,304101436,40,40-001,20171212,,CORPORATE PLACE,25800 SCIENCE PARK DRIVE,BEACHWOOD,OH,44122,UNAVAILABLE,OF,1988,,87256,0,6,1,1,6977188.96,N,,20150520,9500000,,,,0.8263,20171017,20171017,0,0.08,0,0.45,0.47,MIM Software Inc.,31007,AUSTIN POWDER COMPANY,30575,Weber Wood Medinger Co.,4530,12,20150929,1604229,758920,845309,1.9802,9500000,20150520,0.8380,20171024,20161231,1668178,728142,940036,321535,2.9235,0.8531,,,,,,,,20150929,1231706,576947,654759,249051,2.6290,20170101,20170930,YN,739279,1.7318,834006,2.5938,,,575236,2.3097,CMSA,N,20210430,20240331,20181231,3,,N,Bandera Properties,3173,United Negro College Fund,1308,20231031,20210331,,
CGCMT15GC33,300571365,41,41-001,20171212,,BRICKTOWN SHOPPING CENTER,135 VAN ZILE ROAD,BRICK,NJ,08724,UNAVAILABLE,RT,1963,,97229,0,6,1,1,7000000,N,,20150610,12150000,,,,0.8529,20171001,20171001,0.02,0.01,0.04,0.30,0.62,Big Lots,34934,Aldi Food Store,15443,Pure Focus Sports Club Mattdogg  Inc.,9562,12,20150929,1334669,619896,714773,1.6656,12150000,20150610,0.8390,20171003,20161231,1351230,655421,695809,325232,2.1394,0.8529,20151231,1254011,649073,604938,324343,1.8651,0.8386,20150929,912699,484609,428090,243479,1.7582,20170101,20170930,YN,661297,1.5410,642333,1.9749,551462,1.7002,387984,1.5935,CMSA,N,20270131,20210531,20210531,3,,N,Bonefish Grill,6000,McDonald's,3600,20211130,20290114,,
CGCMT15GC33,300571387,42,42-001,20171212,,HYATT JOHNS CREEK,11505 MEDLOCK BRIDGE ROAD,JOHN'S CREEK,GA,30097,UNAVAILABLE,LO,1997,2007,,122,6,1,1,6721722.94,N,,20150518,11200000,,,,0.7044,20170930,,,,,,,,,,,,,12,20150929,3191186,2249592,941594,2.1151,11200000,20150518,0.6620,20161028,20161231,3213328,2309092,904236,445164,2.0312,0.6564,20151231,3371034,2351015,1020019,445164,2.2913,0.6857,20150929,2805267,1861194,944073,333873,2.8276,20170101,20170930,YN,813947,1.8284,776589,1.7445,892372,2.0045,848338,2.5409,CMSA,N,,,,2,,N,,,,,,,,
CGCMT15GC33,300571388,43,43-001,20171212,,HYATT PLACE ROGERS,4610 WEST WALNUT STREET,ROGERS,AR,72756,UNAVAILABLE,LO,2002,2007,,103,6,1,1,6663693.66,N,,20150515,10300000,,,,0.6879,20170930,,,,,,,,,,,,,12,20150929,2905761,1982567,923194,2.0918,10300000,20150515,0.7020,20170810,20161231,2625359,1932181,693178,441321,1.5706,0.6268,20151231,2995759,2047848,947911,441321,2.1478,0.7197,20150929,2250445,1556406,694039,330991,2.0968,20170101,20170930,YN,806964,1.8285,576948,1.3073,831681,1.8845,606867,1.8334,CMSA,N,,,,3,,N,,,,,,,,
CGCMT15GC33,304101406,44,44-001,20171212,,AR&C STORAGE,1 BACK CREEK ROAD,HAMILTON,NJ,08691,UNAVAILABLE,SS,2009,,67844,635,6,1,1,6600000,N,,20150602,10200000,,,,0.9622,20170930,,,,,,,,,,,,,12,20150929,956379,415468,540911,1.3574,10200000,20150602,0.9870,20170713,20161231,1049100,444443,604657,297924,2.0295,0.9370,20151231,1002342,471579,530763,297110,1.7864,0.9165,20150929,785091,336010,449081,222222,2.0208,20170101,20170930,YN,528699,1.3268,592445,1.9885,518551,1.7453,439922,1.9796,CMSA,N,,,,3,,N,,,,,,,,
CGCMT15GC33,300571377,45,45-001,20171212,,HAMPTON INN SUITES LADY LAKE THE VILLAGES,11727 NORTHEAST 63RD DRIVE,LADY LAKE,FL,32162,UNAVAILABLE,LO,2005,2010,,82,6,1,1,6219396.70,N,,20150604,10500000,,,,0.8318,20170630,,,,,,,,,,,,,12,20150929,2236904,1281507,955397,2.2041,10500000,20150604,0.6980,20170809,20161231,2541552,1541923,999629,346188,2.8875,0.7396,20151231,2397134,1385020,1012114,301733,3.3543,0.7344,20150929,1644344,883801,760543,216722,3.5093,20170101,20170630,YN,865921,1.9977,910153,2.6290,922638,3.0577,715805,3.3028,CMSA,N,,,,3,,N,,,,,,,,
CGCMT15GC33,304591046,46,46-001,20171212,,RENAISSANCE FAIRE I,807-829 SOUTH 60TH STREET,WEST ALLIS,WI,53214,UNAVAILABLE,MU,1939,1984,175532,0,6,1,1,6072949.36,N,,20150526,9100000,,,,0.8512,20170930,20170930,0.19,0.21,0.11,0,0.49,U.S. BANK  N.A.,70474,Weigel Broadcasting,28626,Bay Industries,16984,12,20150929,1361345,695070,666275,1.7081,9100000,20150526,0.86,20170130,20161231,1377420,545955,831465,390048,2.1316,0.8611,20151231,1363194,702513,660681,390048,1.6938,0.8618,20150929,1044358,444134,600224,292536,2.0517,20170101,20170930,YN,532871,1.3661,698061,1.7896,527277,1.3518,500172,1.7097,CMSA,N,20230228,20190228,20200630,2,,N,All Parts,14623,Project Access,12700,20180630,20180228,,
CGCMT15GC33,304591047,47,47-001,20171212,,COTTAGES AT WHITE OAK,66 COTTAGE DRIVE,NEWNAN,GA,30265,UNAVAILABLE,MF,2001,,,65,6,1,1,5453501.36,N,,20150526,8100000,,,,,,,,,,,,,,,,,,12,20150929,695229,201187,494042,1.3543,8100000,20150526,1,20170519,20161231,795654,278252,517402,364794,1.4183,1,20151231,754149,258173,495976,364794,1.3596,1,20150929,,,,,,,,,476102,1.3051,499462,1.3691,478036,1.3104,,,CMSA,N,,,,3,,N,,,,,,,,
CGCMT15GC33,304591048,48,48-001,20171212,,VILLAGE SQUARE SHOPPING CENTER,421 COLUMBIA AVENUE,LEXINGTON,SC,29072,UNAVAILABLE,RT,1982,1996,59896,0,6,1,1,5564457.36,N,,20150512,7480000,,,,0.9535,20170930,20170930,0.07,0.03,0,0.90,0,Bi-Lo. Inc.,42853,LITTLE CHINA RESTAURANT DBA FEI LIN & DIAN JIANG,4165,TERA'S MERLE NORMAN DBA TERA INDUSTRIES  INC.,3039,12,20150929,810459,265808,544651,1.6130,7480000,20150512,0.9750,20170127,20161231,818497,233579,584918,252158,2.3196,1,20151231,810609,266516,544093,251469,2.1636,1,20150929,568991,177889,391102,202336,1.9329,20170101,20170930,YN,495282,1.4667,535549,2.1238,494724,1.9673,354076,1.7499,CMSA,N,20210228,20200930,20210131,3,,N,TERA'S MERLE NORMAN DBA TERA INDUSTRIES  INC.,1969,CASHWELL (CASHWELL FINANCIAL OF SC  LLC),1444,20171116,20171031,,
CGCMT15GC33,300571379,49,49-001,20171212,,NORTHSTONE APARTMENTS,4021 NORTHSTONE DRIVE,RALEIGH,NC,27604,UNAVAILABLE,MF,2000,,,120,6,1,1,5500000,N,,20150507,9600000,,,,0.90,20170930,,,,,,,,,,,,,12,20150929,1154983,606838,548145,1.6219,9600000,20150507,0.9580,20171017,20161231,1117596.79,620206.24,497390.55,256657.50,1.9379,0.8583,20151231,1184432,642126,542306,255956,2.1187,0.9333,20150929,897740,497970,399770,192142,2.0805,20170101,20170930,YN,518145,1.5331,467389.85,1.8210,512306,2.0015,377270,1.9634,CMSA,Y,,,,3,,N,,,,,,,,
CGCMT15GC33,304591050,50,50-001,20171212,,WILLOW PARK APARTMENTS,6701 NORTHWEST MAPLE DRIVE,LAWTON,OK,73505,UNAVAILABLE,MF,1985,,,160,6,1,1,5400000,N,,20150611,8500000,,,,0.95,20170630,,,,,,,,,,,,,12,20150929,1083713,570163,513550,1.5696,8500000,20150611,0.95,20170517,20161231,1139139,588689,550450,245403,2.2430,0.9375,20151231,1110636,545370,565266,244733,2.3097,0.95,20150929,620742,344761,275981,122031,2.2615,20170101,20170630,YN,460430,1.4072,497330,2.0265,512146,2.0926,249421,2.0439,CMSA,N,,,,3,,N,,,,,,,,
CGCMT15GC33,300571378,51,51-001,20171212,,CHERRY CREEK,18300 GOVERNORS HIGHWAY,HOMEWOOD,IL,60430,UNAVAILABLE,RT,1970,,70404,0,6,1,1,5174750,N,,20150605,7340000,,,,0.9287,20170930,20170930,0.28,0.52,0.03,0.03,0.13,Ebel's Ace Hardware,12500,Lorenz Appliances,8400,Panera  LLC,4600,12,20150929,1128192,590280,537912,1.6640,7340000,20150605,0.9290,20170922,20161231,995808,564113,431695,247945,1.7410,0.9287,20151231,1076964,514522,562442,247267,2.2746,0.9287,20150929,800577,438038,362539,191557,1.8925,20170101,20170930,YN,474547,1.4680,368330,1.4855,499077,2.0183,315017,1.6445,CMSA,Y,20190531,20171231,20181231,3,,N,Elegant Seasons,3700,Unlimited Mobility,3400,20190531,20190531,,
CGCMT15GC33,304101439,52,52-001,20171212,,GLENVILLE TARGET CENTER,10 GLENRIDGE ROAD,GLENVILLE,NY,12302,UNAVAILABLE,RT,2013,,35616,0,6,1,1,4717448.56,N,,20150319,7660000,,,,0.8531,20171001,20171001,0,0,0.10,0.09,0.80,PSP STORES  LLC,8376,Mattress Firm,5950,Panera Bread,3800,12,20150929,780109,306481,473628,1.5934,7660000,20150319,0.7730,20161026,20161231,707842,242231,465611,297233,1.5664,0.8533,20151231,575224,302051,273173,297233,0.9190,0.8461,20150929,578469,222827,355642,222924,1.5953,20170101,20170930,YN,437859,1.4731,429842,1.4461,237404,0.7987,328815,1.4750,CMSA,N,20250731,20231130,20221231,3,,N,Visionary Properties  Inc.,2938,Peter Guy And Cassidy R Guy,2826,20240131,20210831,,
CGCMT15GC33,300571364,53,53-001,20171212,,GLADES TOWER II,900 GLADES ROAD,BOCA RATON,FL,33431,UNAVAILABLE,OF,1986,,20126,0,6,1,1,4300000,N,,20150324,7000000,,,,1,20170930,20170930,0.16,0.32,0,0.08,0.43,Sunlight Recovery,5338,South Broadward Hospital District,3333,Midwifery Women's Care,3293,12,20150929,718296,267009,451287,1.5644,7000000,20150324,1,20171011,20161231,635165,180094,455071,234321,1.9420,1,20151231,550877,220616,330261,233681,1.4132,0.8364,20150929,504210,145289,358921,175421,2.0460,20170101,20170930,YN,427136,1.4807,430920,1.8390,306110,1.3099,340808,1.9428,CMSA,N,20260731,20220228,20190630,3,,N,Labcorp,1999,R&R Real Estate Group  LLC,1645,20180228,20190831,,
CGCMT15GC33,300571392,54,54-001,20171212,,MAXIMUM SELF STORAGE,6185 SOUTH PECOS ROAD,LAS VEGAS,NV,89120,UNAVAILABLE,SS,1995,,87301,796,6,1,1,4275000,N,,20150623,5800000,,,,0.8807,20170930,,,,,,,,,,,,,12,20150929,618538,233195,385343,1.4483,5800000,20150623,0.82,20170823,20161231,709671,253071,456600,204274,2.2352,0.8618,20151231,554271,244775,309496,203716,1.5192,0.7714,20150929,632177,209056,423121,152926,2.7668,20170101,20170930,YN,385343,1.4483,456600,2.2352,309496,1.5192,423121,2.7668,CMSA,N,,,,3,,N,,,,,,,,
CGCMT15GC33,301461023,55,55-001,20171212,,SONORA CROSSROADS,1191-1281 SANGUINETTI ROAD,SONORA,CA,95370,UNAVAILABLE,RT,1995,,20325,0,6,1,1,3949309.60,N,,20150708,6600000,,,,0.7909,20170930,20170930,0.15,0.23,0,0.23,0.39,Maurices Incorporated,4200,CARPE PIZZA V LLC,2179,Dickey's Barbecue Pit,2126,12,20150929,521111,148411,372700,1.4357,6600000,20150708,0.7930,20160616,20161231,523330,164534,358796,223202,1.6074,0.7934,20151231,494123,158719,335404,204453,1.6404,0.7934,20150929,384977,112785,272192,194685,1.3981,20170101,20170930,YN,337585,1.3005,323681,1.4501,300289,1.4687,245855,1.2628,CMSA,N,20230131,20190930,20251231,3,,N,Advance America,1440,Sally Beauty,1330,20190731,20210421,,
CGCMT15GC33,300571355,56,56-001,20171212,,ALBERTSONS RETAIL SHOPS,1565 & 1617 WEST US HIGHWAY 50,PUEBLO,CO,81008,UNAVAILABLE,RT,1997,,22744,11,6,1,1,4000000,N,,20150514,6130000,,,,0.9499,20170630,20170630,0.11,0.31,0.25,0.11,0.23,Auto Zone,6944,Security Service FCU,2800,Check into Cash,2600,12,20150929,463931,92388,371543,1.5134,6130000,20150514,0.8240,20171018,20161231,537529,114398,423131,186253,2.2718,1,20151231,519870,127782,392088,185744,2.1109,0.8914,20150929,293694.69,71982.70,221711.99,92617.80,2.3938,20170101,20170630,YN,353347,1.4393,404935,2.1741,373892,2.0129,212613.99,2.2956,CMSA,Y,20190531,20200531,20200731,3,,N,Papa Murphy's Pizza,1400,Canton House / Li Yan Huang,1400,20190831,20191231,,
CGCMT15GC33,304101445,57,57-001,20171212,,210 BEDFORD AVENUE,210 BEDFORD AVENUE,BROOKLYN,NY,11249,UNAVAILABLE,MU,1899,2015,2755,0,6,1,1,3750000,N,,20150720,6800000,,,,0.9733,20170930,20170930,0.48,0,0,0,0.52,Juice Generation I,1337,Matthias Heinreich Schmid,1216,,,12,20150929,300830,25470,275360,1.1908,6800000,20150720,1,20171024,20161231,304466,31753,272713,176138,1.5482,0.9733,,,,,,,,20150929,233628,24405,209223,131862,1.5866,20170101,20170930,YN,266267,1.1515,263620,1.4966,,,202404,1.5349,CMSA,N,20230930,20180430,,3,,N,,,,,,,,
CGCMT15GC33,300571372,58,58-001,20171212,,CAPITAL CLIFTON PARK SELF STORAGE,1406A ROUTE 9,HALFMOON,NY,12065,UNAVAILABLE,SS,2000,,52300,350,6,1,1,3550510.48,N,,20150528,5020000,,,,0.9207,20170930,,,,,,,,,,,,,12,20150929,500935,158256,342679,1.4824,5020000,20150528,1,20161026,20161231,487171,187944,299227,231159,1.2944,0.8835,20151231,487227,160741,326486,231159,1.4123,0.9057,20150929,518098,201546,316552,231159,1.3694,20161001,20170930,TN,330545,1.4299,287093,1.2419,314352,1.3598,304418,1.3169,CMSA,N,,,,3,,N,,,,,,,,
CGCMT15GC33,304591059,59,59-001,20171212,,HUNTERS POINTE,860-990 STURBRIDGE DRIVE AND 1095-1105 SUNHAVEN DRIVE,MEDINA,OH,44256,UNAVAILABLE,MF,1990,,,60,6,1,1,3273798.54,N,,20150522,4600000,,,,0.95,20170930,,,,,,,,,,,,,12,20150929,575402,268488,306914,1.4531,4600000,20150522,0.9830,20170313,20161231,596619.85,281616.99,315002.86,211211.23,1.4914,0.95,20151231,581195,263833,317362,211212,1.5025,0.9667,20150929,461560,202306,259254,158408,1.6366,20170101,20170930,YN,293774,1.3908,301862.07,1.4291,304222,1.4403,249399,1.5744,CMSA,N,,,,3,,N,,,,,,,,
CGCMT15GC33,304591060,60,60-001,20171212,,AKZONOBEL COATINGS,8220 MOHAWK DRIVE,STRONGSVILLE,OH,44136,UNAVAILABLE,IN,2000,2015,77500,1,6,1,1,3083104.34,N,,20150522,5310000,,,,1,20170930,20170930,0,0,0,0,1,Akzonobel Coating  Inc,77500,,,,,12,20150929,372553,11177,361376,1.8391,5310000,20150522,1,20170530,20161231,437233,179425,257808,196488,1.3120,1,20151231,395624,237928,157696,196488,0.8025,1,20150929,371443,141796,229647,147366,1.5583,20170101,20170930,YN,349166,1.7770,245598,1.2499,145486,0.7404,220490,1.4962,CMSA,N,20250630,,,3,,Y,,,,,,,,
CGCMT15GC33,304591061,61,61-001,20171212,,4238 WEST HUNDRED ROAD,4238 WEST HUNDRED ROAD,CHESTER,VA,23831,UNAVAILABLE,RT,2005,,14820,0,6,1,1,2918717.34,N,,20150709,4950000,,,,1,20170930,20170930,0,0,0,0,1,Walgreens,14820,,,,,12,20150929,281437,7563,273874,1.5289,4950000,20150709,1,20170202,20161231,285000,7929,277071,179123,1.5468,1,20151231,285221,7834,277387,179123,1.5485,1,20150929,213750,6121,207629,134342,1.5455,20170101,20170930,YN,271651,1.5165,274848,1.5344,275164,1.5361,205962,1.5331,CMSA,N,20300831,,,3,,Y,,,,,,,,
CGCMT15GC33,301461020,62,62-001,20171212,,VENTURA BLVD (WOODLAND HILLS),21522-21526 VENTURA BOULEVARD,WOODLAND HILLS,CA,91364,UNAVAILABLE,RT,1985,,10092,3,6,1,1,2155928.05,N,,20150701,4100000,,,,1,20170930,20170930,0,0,0.70,0.30,0,EPX Elite Performance,3970,Santa Monica Cyclery - David Kooi,3100,Bigoudi Hair Salon-Barbara Jones,3022,12,20150929,329093,88158,240935,1.6980,4100000,20150701,1,20171030,20161231,337410,144898,192512,141888,1.3567,1,20151231,267149,83143,184006,141888,1.2968,1,20150929,275542,98604,176938,106416,1.6627,20170101,20170930,YN,224047,1.5790,175624,1.2377,167118,1.1778,164273,1.5436,CMSA,N,20200731,20200731,20210630,3,,N,,,,,,,,
CGCMT15GC33,304101449,63,63-001,20171212,,GARDENS OF VICTORIA,313 WILLIAMSBURG AVENUE,VICTORIA,TX,77904,UNAVAILABLE,MF,1983,2014,,66,6,1,1,1999013.50,N,,20150701,2675000,,,,0.8636,20170630,,,,,,,,,,,,,12,20150929,551143,318864,232279,1.8346,2675000,20150701,0.9390,20171013,20161231,531520.82,292156.61,239364.21,98312.32,2.4347,0.8485,,,,,,,,20150929,248811.88,154130.15,94681.73,48888.29,1.9366,20170101,20170630,YN,215119,1.6991,222204.09,2.2601,,,86101.57,1.7611,CMSA,Y,,,,3,,N,,,,,,,,
CGCMT15GC33,304591064,64,64-001,20171212,,WOODVIEW COMMONS,"1097  1107 AND 1117 FROST ROAD",STREETSBORO,OH,44241,UNAVAILABLE,MF,1971,,,36,6,1,1,1541818.44,N,,20150522,2150000,,,,0.9722,20170930,,,,,,,,,,,,,12,20150929,283399,139240,144159,1.4965,2150000,20150522,1,20170227,20161231,294271,154025,140246,96328,1.4559,0.9722,20151231,291074,142576,148498,96328,1.5415,0.9722,20150929,225085,114687,110398,72246,1.5280,20170101,20170930,YN,129740,1.3468,125827,1.3062,134079,1.3919,99584,1.3784,CMSA,N,,,,3,,N,,,,,,,,
